,dpt_pseudotime,hour_timepoint
AAACCAAAGCAACTGC_hybrid,0.6987089,28
AAACCAAAGCTATGAT_hybrid,0.027313443,0
AAACCAAAGTAGCCGT_hybrid,0.6485314,4
AAACCAAAGTCTAGGC_hybrid,0.7014199,34
AAACCATTCCGTAATG_hybrid,0.7064288,50
AAACCCTGTTAACCAC_hybrid,0.70408607,42
AAACGAATCCCGCTTA_hybrid,0.6924648,21
AAACGAATCCGCAACG_hybrid,0.6982446,27
AAACGCCTCTCACTCG_hybrid,0.70639586,50
AAACGGGTCCGCGCTT_hybrid,0.70709693,52
AAACGGGTCCTGATAG_hybrid,0.70894575,57
AAACGTAAGTCGAGAG_hybrid,0.6534944,5
AAACGTCCATAGGCAT_hybrid,0.66762185,11
AAACTCACATCCGTGT_hybrid,0.70919985,57
AAACTCCGTCAACCCA_hybrid,0.6954652,24
AAACTCCGTGAGATCA_hybrid,0.70255053,37
AAACTCCGTTCACTAA_hybrid,0.6999999,31
AAACTTGCAATCCGTC_hybrid,0.6968311,25
AAACTTGCAATTGGCG_hybrid,0.6637345,8
AAAGCAATCAGTTAGT_hybrid,0.7106078,60
AAAGCATGTGATAGCA_hybrid,0.67165756,13
AAAGCCAGTAGGCGTG_hybrid,0.7052895,46
AAAGCCAGTTAATTCG_hybrid,0.7093237,58
AAAGCCTCACTACCAC_hybrid,0.84724724,64
AAAGCTAAGAATCACT_hybrid,0.69661194,25
AAAGCTGGTAGCAGGT_hybrid,0.7036064,41
AAAGTAGTCTGGCCCT_hybrid,0.6993672,29
AAAGTGATCAATCTGG_hybrid,0.6599813,6
AAAGTGATCAGGTTGC_hybrid,0.6956101,24
AAAGTGATCGATTGAT_hybrid,0.7083126,55
AAAGTGATCGTACCGG_hybrid,0.7016543,34
AAAGTTGAGGCGTTAC_hybrid,0.71279067,62
AAAGTTGAGGTGCTGT_hybrid,0.7049525,45
AAATGAGTCAGTTACG_hybrid,0.66712993,11
AAATGCTTCAGCACGT_hybrid,0.6632378,8
AAATGCTTCGTGCATA_hybrid,0.66230375,7
AAATGGATCACTCCAT_hybrid,0.706001,49
AAATGGATCCTCACAT_hybrid,0.6784667,15
AAATGGGCACTACCCG_hybrid,0.7027068,38
AAATGTGAGCGAAGGC_hybrid,0.043779317,0
AAATGTGAGCTATGCA_hybrid,0.70040005,32
AAATTCGCATGGCCTT_hybrid,0.035567455,0
AACACATTCCCGCACT_hybrid,0.6964211,25
AACACCATCATGGACC_hybrid,0.7046508,44
AACACCTGTAAGGTTG_hybrid,0.69920087,29
AACACGAGTAGGCTGG_hybrid,0.7035399,41
AACACGAGTGCATCCA_hybrid,0.7035173,41
AACACGAGTTTGACTA_hybrid,0.6696399,12
AACACTTAGGTTAGGG_hybrid,0.7211398,64
AACACTTAGTGACCCG_hybrid,0.6994139,29
AACAGCTCATGGCGTA_hybrid,0.66087383,7
AACAGGCGTCAGCTTG_hybrid,0.6639681,8
AACAGGCGTCTAATGC_hybrid,0.6644256,9
AACAGGCGTTCGGTCA_hybrid,0.6987549,28
AACAGTAAGGGGCTAA_hybrid,0.48840714,1
AACAGTAAGTCATGTG_hybrid,0.70107967,33
AACAGTAAGTCGATTG_hybrid,0.70921564,57
AACAGTAAGTGCGGAA_hybrid,0.69640857,25
AACATAGAGAAGGTAC_hybrid,0.6644618,9
AACATAGAGCAGTCTA_hybrid,0.675239,14
AACATCCGTCTGTGGC_hybrid,0.7021743,36
AACATCCGTTGGCGAG_hybrid,0.833161,64
AACATTCAGTGCGCCA_hybrid,0.0643625,1
AACATTGCAAATGAGG_hybrid,0.700903,33
AACATTGCATCGGTTC_hybrid,0.6617913,7
AACCAACCAGTTGACG_hybrid,0.7131082,62
AACCACGCAAAGGTCT_hybrid,0.6690013,12
AACCACGCATCACAGG_hybrid,0.67022634,12
AACCAGCTCCTGGTAA_hybrid,0.67793906,15
AACCAGGAGTAATCCG_hybrid,0.665165,9
AACCATTAGGTTAGTT_hybrid,0.6780542,15
AACCCAATCCTTGGTT_hybrid,0.7137495,63
AACCCAATCGAAGCCT_hybrid,0.719232,63
AACCCAATCTAGCCAA_hybrid,0.7093189,58
AACCCAGCAAGCATCG_hybrid,0.70890623,57
AACCCAGCAGCACGAC_hybrid,0.7059146,49
AACCCTAAGCGGAGTA_hybrid,0.7026913,38
AACCCTGGTTAGACAG_hybrid,0.6962106,24
AACCGAAGTTATATCG_hybrid,0.69921726,29
AACCGATCAATCTCCA_hybrid,0.6283896,3
AACCGATCATCGGGAC_hybrid,0.11361736,1
AACCTAACAAGCCTGA_hybrid,0.694826,23
AACCTAACATCCAGAG_hybrid,0.6689839,12
AACCTAGTCTGGCCGA_hybrid,0.7029954,39
AACCTCAAGGAGCCTT_hybrid,0.70606816,49
AACCTCAAGGCAAGGC_hybrid,0.6752992,14
AACCTGATCTTGAGTG_hybrid,0.69925165,29
AACGAACAGTGACGGA_hybrid,0.6596576,6
AACGAACAGTTACGAT_hybrid,0.7046487,44
AACGAATGTTCCCAGA_hybrid,0.8349676,64
AACGACTCACAACCGA_hybrid,0.7056459,48
AACGATGGTTGTGAGA_hybrid,0.7037238,41
AACGATGGTTTCGACG_hybrid,0.7051671,46
AACGCCACAAAGGATG_hybrid,0.702309,37
AACGCCCGTCATTGCG_hybrid,0.6846356,18
AACGCCCGTTAGTCCG_hybrid,0.67962414,16
AACGCGCCAACTGGGC_hybrid,0.6978424,27
AACGCGCCAAGTATCA_hybrid,0.7077724,54
AACGCGCCACTAGCTC_hybrid,0.69437826,22
AACGCTATCTATCAGG_hybrid,0.66813284,11
AACGCTTGTTATGTGC_hybrid,0.96587086,66
AACGGCAAGCCATGAC_hybrid,0.6998124,30
AACGGCAAGCCTGAAC_hybrid,0.6740568,14
AACGGCAAGGGGTAGC_hybrid,0.70261854,38
AACGGCAAGGTGCAAG_hybrid,0.70226955,37
AACGGCGGTAACCGGG_hybrid,0.71161705,61
AACGGCGGTTAGTCAC_hybrid,0.6639522,8
AACGGCGGTTCGGCGT_hybrid,0.7070022,52
AACGGCGGTTGGTTCG_hybrid,0.71129555,61
AACGGGGCAATATACG_hybrid,0.69445944,22
AACGGTAGTCATGTGT_hybrid,0.69274247,21
AACGGTGAGTAGTGAA_hybrid,0.6907764,20
AACGTAAAGCATATAC_hybrid,0.69661486,25
AACGTAAAGGCGATAG_hybrid,0.70483387,45
AACGTAGGTTGAGCGG_hybrid,0.70385295,42
AACGTTGTCTATCGAG_hybrid,0.6635579,8
AACTAGCCAATTAGGC_hybrid,0.6725276,13
AACTAGCCATTCATAC_hybrid,0.7026066,37
AACTCAACAAAGGATG_hybrid,0.7090474,57
AACTCAACAAGCCGGT_hybrid,0.7042542,43
AACTCGATCATGGTGC_hybrid,0.709463,58
AACTGAAAGCCAGCAT_hybrid,0.69825035,27
AACTGCATCCATAGAT_hybrid,0.70224696,36
AACTGCATCGAAGCCT_hybrid,0.7044819,44
AACTGCATCTAGTACG_hybrid,0.7085428,56
AACTGGTCACCTCATA_hybrid,0.6726174,13
AACTTCCTCTATCTCA_hybrid,0.7056073,48
AACTTCTCAAACTATG_hybrid,0.6798784,16
AACTTCTCATCCATTG_hybrid,0.9724147,66
AACTTGGTCAAGTAGA_hybrid,0.69036406,20
AACTTGGTCCGCTGCT_hybrid,0.70686334,51
AACTTGGTCTAATCGG_hybrid,0.7080122,55
AACTTTGGTAGTGCTT_hybrid,0.9239553,66
AAGCAAATCACACATG_hybrid,0.7043515,43
AAGCAAATCACCTACT_hybrid,0.71189046,61
AAGCAAATCCACCTGC_hybrid,0.6568033,6
AAGCAAATCGAATCCA_hybrid,0.71174765,61
AAGCAACAGCTTCCGC_hybrid,0.7070234,52
AAGCAATGTTGCGTCA_hybrid,0.7099396,59
AAGCATCCACAATGGT_hybrid,0.70537806,47
AAGCCGCCAAGTGCCA_hybrid,0.6634284,8
AAGCCTATCCCTGACC_hybrid,0.6904785,20
AAGCCTGCAAACTTGA_hybrid,0.69537234,23
AAGCCTGCAACATGGT_hybrid,0.6673763,11
AAGCGATAGAAGGTAC_hybrid,0.70798457,55
AAGCGGATCGAGTCCG_hybrid,0.6650063,9
AAGCTAAAGCGGTAGA_hybrid,0.66867805,12
AAGCTAGGTTAGGCAA_hybrid,0.7123204,62
AAGCTAGGTTCACCGA_hybrid,0.7034122,40
AAGCTCGCACATACGG_hybrid,0.66384405,8
AAGCTCTGTAGTTGAG_hybrid,0.87716305,65
AAGCTCTGTGACGAGT_hybrid,0.70026785,31
AAGCTTGTCAGCCAGT_hybrid,0.6766448,15
AAGCTTGTCCCGCTGT_hybrid,0.6960512,24
AAGGAAAGTAAGGGTC_hybrid,0.7108911,60
AAGGAAAGTTTCAGTA_hybrid,0.7038562,42
AAGGACTAGTGAAGTA_hybrid,0.6708967,13
AAGGATGCAACGGTAT_hybrid,0.7083113,55
AAGGATGCATGGCTAG_hybrid,0.7080424,55
AAGGATGCATTGCCCG_hybrid,0.7053488,47
AAGGCCAAGGCTTCCC_hybrid,0.7094844,58
AAGGCCCCAAGCACTG_hybrid,0.6986312,28
AAGGCCCCACAATTAG_hybrid,0.6729724,13
AAGGCTAGTGAGTATG_hybrid,0.70804703,55
AAGGCTAGTTGAAGGC_hybrid,0.6492902,4
AAGGCTAGTTGCCTAG_hybrid,0.7032403,40
AAGGGGTCAGTTGCAG_hybrid,0.6975971,26
AAGGTATGTAGTGCAA_hybrid,0.64905083,4
AAGGTATGTGGCTTGC_hybrid,0.7025119,37
AAGGTCAGTCAATTCA_hybrid,0.701923,36
AAGTACCCAACCCTGT_hybrid,0.6840049,17
AAGTCAAAGGAACCTC_hybrid,0.71029055,59
AAGTCAAAGTAAGGTA_hybrid,0.70359826,41
AAGTCACCAGGTTGGC_hybrid,0.70224583,36
AAGTCAGGTTCCGTTC_hybrid,0.6683216,11
AAGTCAGGTTTACCAA_hybrid,0.9135064,65
AAGTCATTCCGCCACT_hybrid,0.6959118,24
AAGTCGCTCCGTGAGT_hybrid,0.70702183,52
AAGTGCCTCAGCTCGG_hybrid,0.6860612,18
AAGTGGGTCATGGATT_hybrid,0.6985461,28
AAGTGGGTCCGTCCAC_hybrid,0.661938,7
AAGTGGGTCCTGGTCC_hybrid,0.7018276,35
AAGTGTCCACAGGATT_hybrid,0.6659351,10
AAGTGTCCACATACCC_hybrid,0.70658344,50
AAGTTCCGTTCGTGCA_hybrid,0.6795485,16
AAGTTGAAGGTAGGAT_hybrid,0.79747456,64
AAGTTTCAGGTCGAGA_hybrid,0.6990807,29
AAGTTTGCAAATTCCT_hybrid,0.6999406,31
AATACGAAGGTAAGTA_hybrid,0.70206743,36
AATACGAAGGTACGCT_hybrid,0.70640564,50
AATACGCCACTCAGGA_hybrid,0.7074094,53
AATACGCCATTCGCAC_hybrid,0.6989444,28
AATACGGGTCAGTGCC_hybrid,0.65929276,6
AATACGGGTTGTGAAG_hybrid,0.7074348,53
AATACGTTCACAGCAC_hybrid,0.69031703,20
AATACGTTCCCGCTAC_hybrid,0.7029058,38
AATATCGCAACTTCCA_hybrid,0.6429075,4
AATATCGCAAGCGCAC_hybrid,0.019750012,0
AATATGCTCCAATTCC_hybrid,0.70384055,42
AATCACTAGGTACGGA_hybrid,0.70543015,47
AATCAGCCACCTAACC_hybrid,0.67881465,16
AATCAGCCACTATGGG_hybrid,0.6613304,7
AATCATCAGCATTAGT_hybrid,0.65993947,6
AATCATCAGTAGTTAC_hybrid,0.02905414,0
AATCCATAGAATCACT_hybrid,0.7138949,63
AATCCATAGCGGTGAA_hybrid,0.70199925,36
AATCCATAGTAACCGC_hybrid,0.71333,62
AATCCCAAGCGCTTGG_hybrid,0.70137453,34
AATCCCAAGGCGCTTG_hybrid,0.61895096,3
AATCGAGGTCAGCGGA_hybrid,0.6998128,30
AATCGAGGTCCATCCT_hybrid,0.9102369,65
AATCGGTCATTGGAAC_hybrid,0.7022667,36
AATCGTTAGTAGTCAT_hybrid,0.70205694,36
AATCGTTAGTAGTCGC_hybrid,0.6663048,10
AATCGTTAGTCATAGT_hybrid,0.71182305,61
AATCTCCTCTATGACG_hybrid,0.6632834,8
AATGAACGTTGAAGCA_hybrid,0.646775,4
AATGACCCAGGCTATG_hybrid,0.7039513,42
AATGAGGCAGGGCTTA_hybrid,0.7044259,44
AATGATGAGATAGCTT_hybrid,0.70913225,57
AATGATGAGCCAGTGT_hybrid,0.7081567,55
AATGCAAAGGCGTCAT_hybrid,0.7018089,35
AATGCAAAGTCAAGTT_hybrid,0.67840934,15
AATGCAAAGTGAAGCG_hybrid,0.6757135,14
AATGCCTGTTATCTAG_hybrid,0.6914253,20
AATGCGAGTAGGCGAT_hybrid,0.7044386,44
AATGCGAGTGAAGCAC_hybrid,0.70881635,57
AATGCGAGTTATGGAG_hybrid,0.40477696,1
AATGCGGAGCGGATCT_hybrid,0.7089029,57
AATGGCAGTAGCCTGC_hybrid,0.7016663,35
AATGGCCTCATGATCG_hybrid,0.7067648,51
AATGGCCTCGCATCCC_hybrid,0.7088255,57
AATGGCTCATGGTCCT_hybrid,0.7014022,34
AATGGGACAACTGCCT_hybrid,0.68664354,18
AATGGGACACCATGAG_hybrid,0.704245,43
AATGGGACAGCTAGGC_hybrid,0.907444,65
AATGGGCGTATGGGTA_hybrid,0.69955814,30
AATGGGTAGATAGTGA_hybrid,0.7125112,62
AATGTGAAGCTTACGA_hybrid,0.7114002,61
AATGTGTTCAATCCCT_hybrid,0.7053926,47
AATGTGTTCACTCCTG_hybrid,0.6922864,21
AATGTGTTCACTGGCG_hybrid,0.08510622,1
AATGTGTTCCAACTAG_hybrid,0.70664024,51
AATTCAGCATTCGGGA_hybrid,0.7001684,31
AATTCCTCATCACTAT_hybrid,0.703773,41
AATTGGGGTAGCGCGA_hybrid,0.6970227,26
AATTGGGGTTGGGCAG_hybrid,0.7038877,42
ACAACCATCGACATTG_hybrid,0.70380306,42
ACAACCTGTTGCAATC_hybrid,0.71665084,63
ACAAGCCTCACGGCTG_hybrid,0.69768584,26
ACAAGCCTCCATTAGG_hybrid,0.7067589,51
ACAAGCCTCGCTGGCA_hybrid,0.6570975,6
ACAAGCGAGGGGCAAC_hybrid,0.7066731,51
ACAAGCTCAGCAGGAG_hybrid,0.69518816,23
ACAAGCTCATTACTCG_hybrid,0.66492784,9
ACAAGGCGTTCCTTGC_hybrid,0.7115751,61
ACAAGGGTCAGGGAAT_hybrid,0.70125717,34
ACAAGGGTCGCGAACT_hybrid,0.7000846,31
ACAAGGTAGTGTCATG_hybrid,0.70353043,41
ACAAGTTTCGATATGT_hybrid,0.69678664,25
ACAATAGAGAAGCAAC_hybrid,0.70366883,41
ACAATAGAGGTACGCT_hybrid,0.6899356,20
ACAATAGAGTGATCTG_hybrid,0.7097486,59
ACAATGAAGGCTCTCC_hybrid,0.703992,42
ACAATGGGTTCACCGA_hybrid,0.70394087,42
ACAATTCAGGCACTCG_hybrid,0.6932509,21
ACACAACCACATTCAT_hybrid,0.96823335,66
ACACAACCAGCTCAAG_hybrid,0.7017156,35
ACACAACCATTCATAC_hybrid,0.7088111,57
ACACATTAGCCATCAA_hybrid,0.7018348,35
ACACCAATCCTGCACC_hybrid,0.63498795,3
ACACCAGCAAGCCTAG_hybrid,0.05131528,1
ACACCCAGTTTGAGGA_hybrid,0.6069711,3
ACACGAAGTTCGCGGT_hybrid,0.70577174,48
ACACGATCAAGCCATG_hybrid,0.68757784,19
ACACGATCACCTCACG_hybrid,0.83320475,64
ACACGGGGTATTGGGA_hybrid,0.6726861,13
ACACGTTGTAGTCCGC_hybrid,0.7037693,41
ACACTAGTCATCACAG_hybrid,0.70709187,52
ACACTAGTCCCGCAAG_hybrid,0.7073477,53
ACACTCCCATGCGTCT_hybrid,0.6967693,25
ACAGACAGTCAATCCG_hybrid,0.9071276,65
ACAGACAGTCTCACAG_hybrid,0.03248869,0
ACAGACAGTTGTAACC_hybrid,0.7088506,57
ACAGACAGTTTGCCTC_hybrid,0.6965127,25
ACAGCAAGTAGGCGAT_hybrid,0.63445354,3
ACAGCCACAAGCGAGG_hybrid,0.7088438,57
ACAGCGAAGAAGCCAG_hybrid,0.70384526,42
ACAGCGAAGTCGCGTG_hybrid,0.70035994,31
ACAGCGGGTGATTCGT_hybrid,0.70752454,54
ACAGCGGGTTATCTCT_hybrid,0.7018675,35
ACAGCGGGTTGCTTGG_hybrid,0.70168257,35
ACAGCTCAGGTGCTAC_hybrid,0.6974117,26
ACAGCTCAGTGCTTGA_hybrid,0.702894,38
ACAGCTTGTTATGGTC_hybrid,0.8579635,64
ACAGCTTGTTTGACGT_hybrid,0.6953819,23
ACAGGAACAAATGCAC_hybrid,0.70582306,48
ACAGGAACACCTCAGT_hybrid,0.6941079,22
ACAGGAACATTAACGA_hybrid,0.6998559,30
ACAGGATAGATTAGGA_hybrid,0.67970747,16
ACAGGCAAGGTCCCGA_hybrid,0.66689086,11
ACAGGCAAGTAGCGTC_hybrid,0.70686585,51
ACAGGCGGTGGCTCTA_hybrid,0.6887198,19
ACAGGCTTCACTAGAT_hybrid,0.6592453,6
ACAGGGATCACCTAGA_hybrid,0.71238446,62
ACAGGGATCAGCATAT_hybrid,0.69859517,28
ACAGGGGCAAGGGCAG_hybrid,0.6952628,23
ACAGGTTCAAGCTCAG_hybrid,0.6964875,25
ACAGGTTCACAACCTC_hybrid,0.7050914,46
ACAGTCGCAAAGGAGC_hybrid,0.69975364,30
ACAGTTACAATTAGGC_hybrid,0.66596276,10
ACAGTTACACATTCCA_hybrid,0.6967534,25
ACAGTTACATGGTTAA_hybrid,0.70342803,40
ACAGTTACATTACTAC_hybrid,0.672087,13
ACAGTTACATTAGGAC_hybrid,0.8298729,64
ACAGTTTAGCGAGTGA_hybrid,0.69497794,23
ACAGTTTAGCGCTACG_hybrid,0.69787735,27
ACAGTTTAGGAACCGA_hybrid,0.7004332,32
ACAGTTTAGTCGCGTG_hybrid,0.69749236,26
ACAGTTTAGTGAGCGA_hybrid,0.93913406,66
ACATAGCCAGGACACC_hybrid,0.70783734,54
ACATATCAGTAATGGA_hybrid,0.7054661,47
ACATCATAGCATAGGG_hybrid,0.71195406,61
ACATCATAGCTACCGG_hybrid,0.66830695,11
ACATCCCCACCTTCAA_hybrid,0.6538126,5
ACATCCCCATAAGGTC_hybrid,0.7049485,45
ACATCCGGTGAAGTCA_hybrid,0.7104812,60
ACATCCTTCCGGGCTA_hybrid,0.6962972,24
ACATCTTCATGACGTG_hybrid,0.6743861,14
ACATGAAAGTTACGCA_hybrid,0.6794878,16
ACATGAGGTTCGGCGT_hybrid,0.68984836,20
ACATGCATCAGTGCCG_hybrid,0.7045019,44
ACATGCATCCCCTGGT_hybrid,0.69777584,26
ACATGCATCGATCCGG_hybrid,0.7082823,55
ACATGCATCGTACCTT_hybrid,0.7033572,40
ACATGCATCTAGTCGA_hybrid,0.6907428,20
ACATGCCAGTCGATCA_hybrid,0.67846847,15
ACATGGCTCCATGCGG_hybrid,0.69152015,20
ACATGGCTCTGTGGAC_hybrid,0.66456383,9
ACATGGTCACAGGCTA_hybrid,0.70029014,31
ACATGGTCATGCTCCG_hybrid,0.7016612,35
ACATGTTAGGATATAG_hybrid,0.6970556,26
ACATTCAGTCTAGGCC_hybrid,0.7097433,58
ACATTCAGTTATCGAC_hybrid,0.6988538,28
ACATTCCTCTAGATAC_hybrid,0.66166896,7
ACATTGGTCCAGCCTC_hybrid,0.698568,28
ACATTTGGTGAGTAAT_hybrid,0.65663904,5
ACCAAACCAACATGCG_hybrid,0.7079259,55
ACCAAACCAATGGGCC_hybrid,0.6996219,30
ACCAAAGGTTGTGCAT_hybrid,0.9460846,66
ACCAAATTCCAATGAT_hybrid,0.6126987,3
ACCAAATTCCCAATCT_hybrid,0.7033639,40
ACCAAATTCGATCAAT_hybrid,0.66204643,7
ACCAAATTCGCTCCTA_hybrid,0.03746878,0
ACCAAGCTCGTGAACC_hybrid,0.7110187,60
ACCAAGTCATAAGGTC_hybrid,0.70224875,36
ACCAAGTCATCCCAGT_hybrid,0.69617665,24
ACCAATGTCACCCTAT_hybrid,0.7054429,47
ACCAATGTCTAGCTTC_hybrid,0.6996326,30
ACCAATTAGCAATGAA_hybrid,0.69452876,23
ACCACACAGATACTAC_hybrid,0.7026641,38
ACCACAGCACCTCAGT_hybrid,0.6978417,27
ACCACGTAGCATCCAA_hybrid,0.6964236,25
ACCACTAAGCGAGTTC_hybrid,0.70416284,43
ACCAGGCCAATTGCCC_hybrid,0.7072489,53
ACCAGGCCATAACTTC_hybrid,0.07202519,1
ACCAGGCCATTACACT_hybrid,0.69101685,20
ACCATAACACTAACCC_hybrid,0.6619731,7
ACCATAACATCAATCT_hybrid,0.70019263,31
ACCATATAGAATCGTT_hybrid,0.6946257,23
ACCATATAGCCAGTGT_hybrid,0.6617357,7
ACCATCCCAATAGGAG_hybrid,0.7046108,44
ACCATCCCAGGTAGTT_hybrid,0.6105283,3
ACCATTAGTATGGCCC_hybrid,0.71081996,60
ACCATTAGTGCGGCTT_hybrid,0.7039456,42
ACCATTGAGGTTAATC_hybrid,0.69733185,26
ACCCAAATCACTTCAC_hybrid,0.7097327,58
ACCCAAATCCTGCTCA_hybrid,0.71083736,60
ACCCAACAGCCCTACC_hybrid,0.7024054,37
ACCCAGACACTAGGTG_hybrid,0.6648422,9
ACCCAGTAGCCCGTGA_hybrid,0.6846397,18
ACCCAGTAGCTACCAA_hybrid,0.8943271,65
ACCCAGTAGTTAGCGC_hybrid,0.029149333,0
ACCCATAAGTCAGTGC_hybrid,0.66326255,8
ACCCCAAGTTAGACAG_hybrid,0.66721886,11
ACCCCAAGTTTGCATA_hybrid,0.70194346,36
ACCCCATCAACCGCTT_hybrid,0.706907,51
ACCCCGAAGGTACGTC_hybrid,0.68960506,20
ACCCCTGCATCGGTCT_hybrid,0.6675853,11
ACCCCTTGTGAGCAGT_hybrid,0.7033405,40
ACCCGAACATAAGTGC_hybrid,0.031948425,0
ACCCGCTTCATGTGAT_hybrid,0.87510943,65
ACCCGTAGTATAGTGG_hybrid,0.70329005,40
ACCCGTAGTGATAGTG_hybrid,0.69976187,30
ACCCGTTCATGACGGC_hybrid,0.7047296,45
ACCCTAGGTTAGGGAC_hybrid,0.6457089,4
ACCCTATTCGACCAAC_hybrid,0.71520054,63
ACCCTCATCGCTGACG_hybrid,0.689663,20
ACCCTCGCATGCTGAG_hybrid,0.7034148,40
ACCCTCTGTTCACCAG_hybrid,0.71087706,60
ACCCTCTGTTGGCATT_hybrid,0.6787033,16
ACCCTGCTCAATCAGT_hybrid,0.7020271,36
ACCCTGCTCCGTGCAG_hybrid,0.6913094,20
ACCCTTTAGCAACCAC_hybrid,0.7060897,49
ACCCTTTAGGTGGATG_hybrid,0.70929337,58
ACCGACCGTATGTACC_hybrid,0.6944398,22
ACCGACTAGGGGTACA_hybrid,0.70219547,36
ACCGAGGGTTAGGGTA_hybrid,0.6968764,25
ACCGATGCATAAGTTG_hybrid,0.7098918,59
ACCGCAACATAGAGCT_hybrid,0.6990061,29
ACCGCCAAGCATGTCA_hybrid,0.66047835,7
ACCGCCAAGTTAACCG_hybrid,0.7055037,47
ACCGCCAAGTTGGGCT_hybrid,0.34493777,1
ACCGCTAGTTATGCTA_hybrid,0.6905228,20
ACCGGATTCAATCAGT_hybrid,0.7033079,40
ACCGGATTCAGGGAAT_hybrid,0.68499696,18
ACCGGATTCCTTCAAC_hybrid,0.6866017,18
ACCGGCTGTCTAGCGC_hybrid,0.690655,20
ACCGGCTGTTTCGGTG_hybrid,0.6936569,22
ACCGGTTAGTAACCCA_hybrid,0.70472777,45
ACCGTTGGTAGGCGCA_hybrid,0.6538896,5
ACCGTTGGTCAAGTGA_hybrid,0.6986187,28
ACCTAACGTATGGGTA_hybrid,0.7011395,33
ACCTAACGTCTAGCTG_hybrid,0.69817597,27
ACCTAACGTTTGCCCT_hybrid,0.076669276,1
ACCTAAGTCATAGGCC_hybrid,0.666506,10
ACCTAAGTCGAACGGA_hybrid,0.70098627,33
ACCTACTTCCGCTGGA_hybrid,0.70556515,48
ACCTACTTCTGGCTAA_hybrid,0.66212815,7
ACCTATGAGCATATCG_hybrid,0.70268166,38
ACCTCACCAGCATGTG_hybrid,0.6998134,30
ACCTCACCATAGAGTC_hybrid,0.6542642,5
ACCTCCATCGTTAGAT_hybrid,0.5111017,2
ACCTCGCTCCAATGCA_hybrid,0.70063895,32
ACCTGAATCTAAGTCG_hybrid,0.69521385,23
ACCTGATGTAAGCATG_hybrid,0.70467246,44
ACCTGATGTATAGTGG_hybrid,0.69865984,28
ACCTGCCTCTATGCCT_hybrid,0.6958881,24
ACCTGTCCATGATAGC_hybrid,0.8771318,65
ACCTTCACAAGCTGTG_hybrid,0.5858619,2
ACGAAATGTGAACGAC_hybrid,0.6717896,13
ACGAAGGTCACGCGCA_hybrid,0.66369593,8
ACGAAGGTCCGCCATC_hybrid,0.7073458,53
ACGACAAGTGCGCAGA_hybrid,0.69492596,23
ACGACAAGTTCGAGTT_hybrid,0.7042146,43
ACGACATCACAACCGA_hybrid,0.602114,2
ACGACGAAGTGCCTAA_hybrid,0.6688894,12
ACGACGAAGTTGGGCT_hybrid,0.6942025,22
ACGAGCAAGGTGAAGT_hybrid,0.7075872,54
ACGAGCAAGTGCCAGT_hybrid,0.67857033,15
ACGATAGGTCTGTGAT_hybrid,0.71409374,63
ACGATAGGTTCGGTCA_hybrid,0.95269525,66
ACGATAGGTTTAGTGC_hybrid,0.71093345,60
ACGATGGAGGAACCAG_hybrid,0.6550052,5
ACGATTGTCTATGTCC_hybrid,0.70806193,55
ACGATTTAGGTACGGA_hybrid,0.6545758,5
ACGCAGCCACTTCATG_hybrid,0.7086695,56
ACGCATATCATCATCC_hybrid,0.66148245,7
ACGCATTGTGCGTGAG_hybrid,0.70293236,39
ACGCCAACACTATCCA_hybrid,0.6862301,18
ACGCCATAGCAACTCA_hybrid,0.7054958,47
ACGCCCAAGCAATTCG_hybrid,0.7094369,58
ACGCCCAAGCATGCAC_hybrid,0.70593613,49
ACGCCCAAGTAACCGC_hybrid,0.6982385,27
ACGCCTAGTGATTAGG_hybrid,0.70788944,54
ACGCCTAGTTCGGTAT_hybrid,0.69535124,23
ACGCGAGGTTAATCTG_hybrid,0.6631375,8
ACGCGATTCATATCGG_hybrid,0.7102582,59
ACGCGCATCAGTAATC_hybrid,0.7013003,34
ACGCGCATCGTCTCAT_hybrid,0.6818162,17
ACGCGGTCACTAGCAG_hybrid,0.7055057,47
ACGCTAATCCTCATGT_hybrid,0.7005993,32
ACGCTGACACAGCGAC_hybrid,0.68765277,19
ACGCTGACACAGGACC_hybrid,0.7081636,55
ACGGAACGTTAGACAG_hybrid,0.65470225,5
ACGGAACGTTCCTGTC_hybrid,0.69113755,20
ACGGAGGCACTAACCC_hybrid,0.66543657,9
ACGGAGGCACTAGCCT_hybrid,0.6997237,30
ACGGATAGTTTGGAGA_hybrid,0.7111739,60
ACGGATTCAGCACTGA_hybrid,0.69225246,21
ACGGATTCAGGATCGC_hybrid,0.7094602,58
ACGGCACCATCGACAG_hybrid,0.7002364,31
ACGGCAGGTTTCCGCT_hybrid,0.95137143,66
ACGGGATGTAAGCAAT_hybrid,0.70608103,49
ACGGGATGTGGCTTGC_hybrid,0.7013558,34
ACGGGATGTTTGACAC_hybrid,0.7058737,49
ACGGGCTCAACCTCAC_hybrid,0.70105326,33
ACGGGGACATAACGGT_hybrid,0.6038097,3
ACGGGGACATTCGCGT_hybrid,0.7021899,36
ACGGGGTAGAAGCAAC_hybrid,0.04604817,1
ACGGGGTAGCGCATCG_hybrid,0.70682675,51
ACGGGGTAGCTGGATC_hybrid,0.68754405,19
ACGGTCACAAACTGCG_hybrid,0.70362276,41
ACGGTGAAGATACTCG_hybrid,0.7004385,32
ACGGTGAAGTACCATG_hybrid,0.87646383,65
ACGGTTATCCTCAATC_hybrid,0.664803,9
ACGGTTATCGCTAGAC_hybrid,0.090603806,1
ACGGTTATCTAATGAC_hybrid,0.7023863,37
ACGGTTATCTAGTGTG_hybrid,0.7032728,40
ACGTAAGGTGAGGTCG_hybrid,0.70411474,43
ACGTAAGGTGGAGCTG_hybrid,0.6510057,5
ACGTCCCTCCAGGTGT_hybrid,0.7041459,43
ACGTGAGAGCGAGTTC_hybrid,0.7069765,52
ACGTGAGAGGATTCAT_hybrid,0.7065773,50
ACGTGAGAGTACCACA_hybrid,0.703358,40
ACGTGGTTCCCCATCA_hybrid,0.7004627,32
ACGTGTTGTCATCATA_hybrid,0.90155137,65
ACGTGTTGTTTGAGGA_hybrid,0.70533454,47
ACGTTAACAGGAGCGA_hybrid,0.65964806,6
ACGTTAGTCAATTCGG_hybrid,0.6819752,17
ACGTTAGTCGATGAGG_hybrid,0.7082444,55
ACGTTATAGAATCGCC_hybrid,0.66886854,12
ACGTTCAAGATTGCTG_hybrid,0.69458723,23
ACGTTCAAGTTGCGCG_hybrid,0.70709604,52
ACGTTCCCAATCGTGG_hybrid,0.66930926,12
ACGTTCCCACCACACT_hybrid,0.7053135,47
ACGTTCCCATTAGCCC_hybrid,0.68755794,19
ACGTTTGAGTCGACGT_hybrid,0.7130024,62
ACTAACTAGATTGCCA_hybrid,0.69107217,20
ACTAAGCCAGGCTTAG_hybrid,0.70899004,57
ACTAAGGGTCTAAGTC_hybrid,0.7021661,36
ACTAAGGGTTGACGAA_hybrid,0.7075514,54
ACTAAGGGTTTCGTAA_hybrid,0.70001024,31
ACTAATGCAAGTCCTC_hybrid,0.70172566,35
ACTAATGCAATAGAGG_hybrid,0.70677483,51
ACTACCAAGAAGGTGT_hybrid,0.67831343,15
ACTACCAAGATACTAC_hybrid,0.6818187,17
ACTACCAAGTGAGGCA_hybrid,0.6838638,17
ACTATCAGTTAGAGAT_hybrid,0.6461945,4
ACTATCCTCACCCTGC_hybrid,0.7043821,43
ACTATCCTCAGTTGCA_hybrid,0.65318,5
ACTATTCCAAGTAACC_hybrid,0.65596473,5
ACTATTCCACAACGGC_hybrid,0.67814296,15
ACTCAATAGCGCTATA_hybrid,0.7029324,39
ACTCAATAGGGTCCTG_hybrid,0.70326144,40
ACTCAATAGGGTCTAC_hybrid,0.707849,54
ACTCACAAGCGATACC_hybrid,0.68506235,18
ACTCACTTCAGGGCAA_hybrid,0.7073253,53
ACTCACTTCCGTTGCC_hybrid,0.710011,59
ACTCAGGCATCGGCTT_hybrid,0.7066939,51
ACTCCAAAGGTAGCAG_hybrid,0.6799704,16
ACTCCCGCACTAGCAG_hybrid,0.69002616,20
ACTCCCTGTAAGTTGG_hybrid,0.70123,33
ACTCCGCTCATATAGC_hybrid,0.68875855,19
ACTCCGCTCGTAGTTG_hybrid,0.69800013,27
ACTCGAATCTAATGCG_hybrid,0.70704955,52
ACTCGCCTCTTGAACG_hybrid,0.71239907,62
ACTCGTCCAACATGCG_hybrid,0.68077904,16
ACTCGTCCAACCCTTA_hybrid,0.705321,47
ACTCGTTTCACTGGTA_hybrid,0.6761078,14
ACTCGTTTCAGTTGCA_hybrid,0.69647086,25
ACTCTGTTCAGTAGTT_hybrid,0.6988586,28
ACTCTGTTCCCAGACG_hybrid,0.65602493,5
ACTCTGTTCCGCTGGA_hybrid,0.70022774,31
ACTCTGTTCTATCGGA_hybrid,0.70244634,37
ACTCTTGCATTACGTT_hybrid,0.69559515,24
ACTGAAGGTGGCTTGC_hybrid,0.706401,50
ACTGATTAGATTAGGA_hybrid,0.70549625,47
ACTGATTAGCATGCAC_hybrid,0.69910973,29
ACTGATTAGCTTACCT_hybrid,0.66279405,7
ACTGATTAGTCGATGC_hybrid,0.70726734,53
ACTGATTAGTGAACGG_hybrid,0.7087601,56
ACTGCAATCTAGTCGA_hybrid,0.6634759,8
ACTGCCCTCATGAGTT_hybrid,0.6646435,9
ACTGCCCTCCTTAACC_hybrid,0.6797521,16
ACTGCCTCAAGTTAGC_hybrid,0.7113935,61
ACTGCCTCAATGAAGG_hybrid,0.01977302,0
ACTGCCTCATCGCGTT_hybrid,0.6997169,30
ACTGCCTCATTACCCA_hybrid,0.6662344,10
ACTGCGCGTCTGGTTG_hybrid,0.6677685,11
ACTGCTGGTCAGCTTG_hybrid,0.70885545,57
ACTGGGTTCCATGAGC_hybrid,0.69429344,22
ACTGGGTTCGCTAATG_hybrid,0.706792,51
ACTGTCAAGATTCCAG_hybrid,0.7347306,64
ACTTACCTCCCTTGAT_hybrid,0.69838643,27
ACTTACCTCCTTCGGC_hybrid,0.68089503,16
ACTTAGGTCAGTGCGT_hybrid,0.6742402,14
ACTTAGGTCCCAGGAT_hybrid,0.9533065,66
ACTTCGCCAAGCACGC_hybrid,0.70249295,37
ACTTCGCCACCATCGT_hybrid,0.70571715,48
ACTTCGCCATCGCTAC_hybrid,0.6696264,12
ACTTCGTTCCATCACT_hybrid,0.6433573,4
ACTTGAGTCGTTAGTG_hybrid,0.7001137,31
ACTTGGGCAGTAAGGA_hybrid,0.69796133,27
ACTTGGGCATCGTAGG_hybrid,0.6659155,10
ACTTTAGGTCATCCGA_hybrid,0.70640635,50
ACTTTAGGTTCTGTCC_hybrid,0.703496,40
ACTTTCATCTGTCAAG_hybrid,0.5871514,2
ACTTTCGCATCAATTC_hybrid,0.7021663,36
ACTTTCGCATGACACG_hybrid,0.70431286,43
ACTTTGAGTTAACGCT_hybrid,0.7083951,56
ACTTTGCTCGCTCATT_hybrid,0.7033719,40
ACTTTGGAGTCGATCA_hybrid,0.91669255,66
AGAAGGTTCCTCACCA_hybrid,0.65899146,6
AGAAGTTGTCCCGAGT_hybrid,0.69771427,26
AGAATAGTCATGCCGG_hybrid,0.6770514,15
AGAATAGTCCGTAGAC_hybrid,0.67654335,15
AGAATCAAGTGCCCAG_hybrid,0.70881987,57
AGAATCAAGTTGGACC_hybrid,0.706091,49
AGACAACAGCTAATGT_hybrid,0.6987328,28
AGACAACAGGCTTCGG_hybrid,0.6976855,26
AGACAACAGGTTGGAG_hybrid,0.70501727,45
AGACACAGTTAGAGTG_hybrid,0.7030392,39
AGACATAAGCCTACCC_hybrid,0.68045944,16
AGACATAAGGATAGAC_hybrid,0.6697067,12
AGACATAAGTGACGGA_hybrid,0.673723,14
AGACGATAGGCACTCG_hybrid,0.6702778,12
AGACGCAAGCATGACC_hybrid,0.69080126,20
AGACGCGGTTAACGCT_hybrid,0.70445836,44
AGACGCGGTTGGGCAG_hybrid,0.7002851,31
AGACGGATCATAGAGA_hybrid,0.71359646,62
AGACGGGCACCATGAG_hybrid,0.66252077,7
AGACGTAGTTGAGTAG_hybrid,0.70823985,55
AGACTGCTCAGGTGAG_hybrid,0.7048117,45
AGAGAATCAATTGGCG_hybrid,0.700418,32
AGAGAATCATGGTCAG_hybrid,0.580106,2
AGAGACCGTATGGGTA_hybrid,0.6731114,13
AGAGACCGTCTGTCGA_hybrid,0.70356464,41
AGAGACCGTGAGTTAG_hybrid,0.65630597,5
AGAGACCGTGCATCGC_hybrid,0.70740384,53
AGAGACTAGGGGATCA_hybrid,0.71617764,63
AGAGACTAGGTGAGCA_hybrid,0.70352817,41
AGAGACTAGTGGGTCT_hybrid,0.70256156,37
AGAGAGAAGCCTTCGC_hybrid,0.70971066,58
AGAGAGAAGTGAACCC_hybrid,0.7106533,60
AGAGAGAAGTGAGGTG_hybrid,0.022953857,0
AGAGAGGGTGAGGTCG_hybrid,0.70596534,49
AGAGATGCATCACGCT_hybrid,0.7142727,63
AGAGATTGTGCGCCAT_hybrid,0.70647955,50
AGAGGCATCATCTCAC_hybrid,0.8357514,64
AGAGGCGCATTACGAA_hybrid,0.70645314,50
AGAGGGTCACTCATGC_hybrid,0.70048726,32
AGAGGGTCATCGTTGC_hybrid,0.7073821,53
AGAGGGTCATTACGGG_hybrid,0.70288515,38
AGAGGTTAGTAGGTCC_hybrid,0.6804651,16
AGAGTAATCGAACCGT_hybrid,0.8539596,64
AGAGTCCTCCAGATGC_hybrid,0.7095213,58
AGCAAATGTGGAAGGA_hybrid,0.70271313,38
AGCAAATGTTTCGATA_hybrid,0.61082476,3
AGCAATCCAATAGACC_hybrid,0.7127087,62
AGCAATTTCCCATTCG_hybrid,0.6972325,26
AGCAATTTCTGTGCTT_hybrid,0.69074965,20
AGCACGCCATGGTTCC_hybrid,0.7066792,51
AGCACTATCCATTACC_hybrid,0.6875653,19
AGCAGCAAGCTGGGAA_hybrid,0.70404035,42
AGCAGGATCCCGCTGT_hybrid,0.6728008,13
AGCAGGATCCGTGCAG_hybrid,0.7041591,43
AGCATATTCTGTGCTT_hybrid,0.60361004,3
AGCATATTCTTGAACG_hybrid,0.028615396,0
AGCATCTGTCCATCAG_hybrid,0.7057236,48
AGCATCTGTTGGATCT_hybrid,0.6976738,26
AGCATGAGTATTAGGG_hybrid,0.70177865,35
AGCATGGAGTGACCGT_hybrid,0.7026941,38
AGCATTGTCCCTCAGC_hybrid,0.8918681,65
AGCATTTAGGTGGAAT_hybrid,0.6840131,17
AGCCAAAGTAATTGGG_hybrid,0.69461524,23
AGCCAATCATTCGGTC_hybrid,0.597298,2
AGCCACTAGGTAAGTA_hybrid,0.7083844,56
AGCCACTAGGTTGATT_hybrid,0.7110393,60
AGCCACTAGTAGTAAG_hybrid,0.7021301,36
AGCCAGCCAATGTCAA_hybrid,0.6366671,3
AGCCAGCCACTTACGC_hybrid,0.711041,60
AGCCATCAGGAGCTTC_hybrid,0.7013469,34
AGCCATCAGTCAGCAC_hybrid,0.71179473,61
AGCCATTGTTATAGGG_hybrid,0.70612353,49
AGCCCAACACTAGCTC_hybrid,0.69984615,30
AGCCCATAGCTGGCAT_hybrid,0.70707977,52
AGCCCATAGTAAGCAA_hybrid,0.69699335,25
AGCCCATAGTGAGTCC_hybrid,0.71166635,61
AGCCCGATCCTGAAGC_hybrid,0.69557154,24
AGCCCTAGTTAAGGAT_hybrid,0.69760054,26
AGCCGATTCACCCTTG_hybrid,0.69900507,29
AGCCGTTAGCCGCAAT_hybrid,0.64885104,4
AGCCTCTCAGCTCGAA_hybrid,0.7046309,44
AGCCTGACATTCAGGG_hybrid,0.69465035,23
AGCCTGGTCCATCACT_hybrid,0.7139838,63
AGCCTGGTCGTTCCTG_hybrid,0.90576243,65
AGCGAATAGGGGATTG_hybrid,0.7010428,33
AGCGACAAGAATCAAG_hybrid,0.69356865,22
AGCGACAAGTAAGGTA_hybrid,0.6774535,15
AGCGAGGCAGCCAGTA_hybrid,0.7080336,55
AGCGAGGCAGTAATCA_hybrid,0.6982212,27
AGCGATAGTAACCGGG_hybrid,0.69426435,22
AGCGATAGTAGTAGAT_hybrid,0.66622573,10
AGCGATAGTTCCGTAG_hybrid,0.7094698,58
AGCGATGAGCCTACCC_hybrid,0.7071806,53
AGCGCACCAAGTTACA_hybrid,0.70227396,37
AGCGCATTCAGGACTC_hybrid,0.66675705,10
AGCGCATTCAGGAGAT_hybrid,0.70962363,58
AGCGCATTCTAGTCCT_hybrid,0.67894375,16
AGCGCCATCAGTGCTA_hybrid,0.6823371,17
AGCGCCATCGATCCTT_hybrid,0.69995475,31
AGCGGATGTCAAGGGT_hybrid,0.7009938,33
AGCGGATGTTTGCGTG_hybrid,0.7035111,41
AGCGGGACAATACTGA_hybrid,0.99353695,66
AGCGGGACAATGTCAA_hybrid,0.664966,9
AGCGGTAAGAACCAGG_hybrid,0.70277816,38
AGCGGTTTCAGGCTTA_hybrid,0.65734637,6
AGCGTAAGTTAAGCGA_hybrid,0.11815279,1
AGCGTAAGTTCCAGTG_hybrid,0.70710313,52
AGCGTAAGTTGGTGAA_hybrid,0.6567078,5
AGCGTTGCAACTACTT_hybrid,0.93761665,66
AGCGTTGCAAGTAGGA_hybrid,0.70931387,58
AGCTAACCAAAGGATG_hybrid,0.68455297,18
AGCTAAGGTAATCAGG_hybrid,0.7012169,33
AGCTAAGGTAGGCCAG_hybrid,0.66931057,12
AGCTAAGGTTGCGATT_hybrid,0.039732937,0
AGCTATGTCACACTGA_hybrid,0.04706744,1
AGCTATGTCAGCTAAT_hybrid,0.70513725,46
AGCTATGTCCTGGTCC_hybrid,0.026580947,0
AGCTGAGAGGATGAGT_hybrid,0.7025656,37
AGGAATATCGTGCCCT_hybrid,0.67983335,16
AGGAATGCAACATACA_hybrid,0.8413172,64
AGGAATGCAAGCCTAG_hybrid,0.658751,6
AGGAATGCAATTAGTG_hybrid,0.71235836,62
AGGACAACAGGCTACA_hybrid,0.70704746,52
AGGACATAGAAGGAGA_hybrid,0.6928992,21
AGGACATAGGAGGTGC_hybrid,0.70738846,53
AGGACCCCACCTCAAC_hybrid,0.70475227,45
AGGACCCCAGTTGCAG_hybrid,0.66517377,9
AGGACCCCATAGATGC_hybrid,0.6040708,3
AGGACTAGTGGACATA_hybrid,0.7071846,53
AGGACTAGTTCGCCTT_hybrid,0.713464,62
AGGAGTTAGCGAACGA_hybrid,0.71269244,62
AGGAGTTAGCGACTTA_hybrid,0.6804602,16
AGGAGTTAGCGATAGG_hybrid,0.69336665,22
AGGATCAGTTAAGGGC_hybrid,0.70960104,58
AGGATTAAGAAGCATA_hybrid,0.7000957,31
AGGATTGGTAGGTTAG_hybrid,0.70946485,58
AGGCACGGTCTTGCTC_hybrid,0.6991273,29
AGGCACGGTTATCGCG_hybrid,0.6059442,3
AGGCACGGTTGGACGG_hybrid,0.6979574,27
AGGCACGGTTGTCCAG_hybrid,0.70451325,44
AGGCAGGCAAGGTCTG_hybrid,0.70325357,40
AGGCAGGCACAAGGCC_hybrid,0.70813835,55
AGGCAGGCAGGACTAT_hybrid,0.70687056,51
AGGCAGGCAGTAATCA_hybrid,0.033493053,0
AGGCAGGCATCGGGAC_hybrid,0.61799085,3
AGGCAGGCATTGCCAC_hybrid,0.70491624,45
AGGCATAGTCAGTCAT_hybrid,0.7040795,42
AGGCATGAGTAGTGCC_hybrid,0.71005285,59
AGGCATGAGTCTAGGC_hybrid,0.70752263,54
AGGCATTCATCGGCTT_hybrid,0.7038483,42
AGGCCAAAGGTAGCAG_hybrid,0.6825217,17
AGGCCAGGTTAGGTGA_hybrid,0.6983534,27
AGGCCATTCTAATGCG_hybrid,0.70103717,33
AGGCCCATCCGGTAAC_hybrid,0.699837,30
AGGCGAATCCTGATGA_hybrid,0.71139735,61
AGGCGCAGTAGTGTGA_hybrid,0.6661132,10
AGGCTCCGTAAGTTCC_hybrid,0.29208985,1
AGGCTCCGTTGAATGG_hybrid,0.67460763,14
AGGCTTATCATCACAG_hybrid,0.67830473,15
AGGCTTATCGTGAGGA_hybrid,0.6338802,3
AGGCTTGCAGGGCAAG_hybrid,0.666588,10
AGGGAAGGTGGGTCCT_hybrid,0.7060901,49
AGGGAGTCAGGTAGTT_hybrid,0.70422626,43
AGGGATTAGGCGTATC_hybrid,0.059595685,1
AGGGATTAGGTCGTAC_hybrid,0.6996882,30
AGGGATTAGTGCCCAG_hybrid,0.6736936,14
AGGGCATGTCAGTAGA_hybrid,0.6925533,21
AGGGCATGTTGTGCGC_hybrid,0.8985786,65
AGGGCTGGTAATGCAG_hybrid,0.69810754,27
AGGGGTTGTATTGCTA_hybrid,0.7029444,39
AGGGTACGTTGTCCGA_hybrid,0.64317274,4
AGGGTCAAGGATACCC_hybrid,0.7070982,52
AGGTAAATCATGCAAT_hybrid,0.7006056,32
AGGTAATGTAAGTGTG_hybrid,0.70200974,36
AGGTAGTAGGCACGTT_hybrid,0.694853,23
AGGTGCAAGGGGACGT_hybrid,0.6955877,24
AGGTGTGAGCTACCGG_hybrid,0.51530087,2
AGGTGTGAGGAACCCT_hybrid,0.67092156,13
AGGTTAAAGGTCAACC_hybrid,0.6991511,29
AGGTTAAAGTAATGTC_hybrid,0.6931738,21
AGGTTGAGTTTGGATC_hybrid,0.70609844,49
AGGTTGGAGCAGGTCT_hybrid,0.7067856,51
AGTAACCCATTGCCCG_hybrid,0.70383704,42
AGTAATGAGTTGCGGT_hybrid,0.64321965,4
AGTACACCAAGTGTCG_hybrid,0.706258,49
AGTACACCAATCCTTG_hybrid,0.70858604,56
AGTACACCACTTAATC_hybrid,0.6995488,30
AGTACAGGTTCCTGAG_hybrid,0.6998172,30
AGTACCGCAAGCGATT_hybrid,0.6645525,9
AGTACGGAGCTACTGA_hybrid,0.7037865,41
AGTACGGAGGCACTTA_hybrid,0.6626804,7
AGTACTTAGCCATTAG_hybrid,0.7068749,51
AGTATAGAGGTTACAT_hybrid,0.7069475,52
AGTATAGAGTAGTGCC_hybrid,0.69978863,30
AGTATCCGTAGGTACA_hybrid,0.6790833,16
AGTATCCGTTGGTTAC_hybrid,0.70715606,52
AGTATGAAGCCTGTAA_hybrid,0.68351114,17
AGTATGTTCACTTGAG_hybrid,0.68570215,18
AGTATTGCAATTGACA_hybrid,0.7030496,39
AGTCAACCAAAGGCAA_hybrid,0.58478755,2
AGTCAACCAACCTCTA_hybrid,0.7094719,58
AGTCACGCACAGCGGT_hybrid,0.6648671,9
AGTCAGTCAATTCGGG_hybrid,0.68851995,19
AGTCCAGCAAGTGAAG_hybrid,0.70094126,33
AGTCCAGCACAAGCCA_hybrid,0.66717356,11
AGTCCAGCAGGTAACT_hybrid,0.8944675,65
AGTCCCAGTAACCGAA_hybrid,0.7049425,45
AGTCCCAGTGAAGTGC_hybrid,0.70429456,43
AGTCCTGGTTAGTACC_hybrid,0.71410483,63
AGTCGAAGTGCGAGTG_hybrid,0.70856166,56
AGTCGATCACAAGCGC_hybrid,0.7070162,52
AGTCGATCATAATCGA_hybrid,0.7034982,41
AGTCGGGGTAAGTGCA_hybrid,0.6760093,14
AGTCGGGGTGAAGGAG_hybrid,0.785852,64
AGTCGGTTCCATCACT_hybrid,0.70184094,35
AGTCGGTTCCTCACCA_hybrid,0.670906,13
AGTCGGTTCGTTACTC_hybrid,0.7021254,36
AGTCGGTTCTATCCTA_hybrid,0.6933843,22
AGTCGTTGTGATCCAT_hybrid,0.70564777,48
AGTCGTTGTGATTGCT_hybrid,0.6670143,11
AGTCTCAAGCATAGTT_hybrid,0.7008663,33
AGTCTCAAGGTAGCCT_hybrid,0.086318225,1
AGTCTCAAGGTGAACG_hybrid,0.7050698,46
AGTCTTAGTATTGCGT_hybrid,0.7079626,55
AGTCTTAGTTGAAGCA_hybrid,0.6666679,10
AGTCTTAGTTGCGCTA_hybrid,0.7099561,59
AGTCTTGAGCGGATCT_hybrid,0.7080706,55
AGTCTTGAGTTACGAT_hybrid,0.7033613,40
AGTGAACAGATTCCAG_hybrid,0.9754135,66
AGTGAACAGTGCCCAG_hybrid,0.70743173,53
AGTGAATGTTCGATTA_hybrid,0.7099924,59
AGTGACAGTAGCGCAG_hybrid,0.60521394,3
AGTGACAGTTTGGGCC_hybrid,0.6650506,9
AGTGAGGTCCAACCTT_hybrid,0.036331642,0
AGTGAGTAGCATGTAT_hybrid,0.68906975,19
AGTGAGTAGGCACTAC_hybrid,0.7104696,59
AGTGATCCAAGCCTCT_hybrid,0.6649238,9
AGTGCAAGTATGGTGA_hybrid,0.6987947,28
AGTGCAAGTGGCTGCT_hybrid,0.91886985,66
AGTGCAAGTTGCGTGC_hybrid,0.7081371,55
AGTGCATCAAGTATGC_hybrid,0.7074939,54
AGTGCCCGTAAGTGTG_hybrid,0.7015073,34
AGTGCCCGTTAGCAAG_hybrid,0.69577944,24
AGTGCGCCAAGCGGTC_hybrid,0.70194626,36
AGTGCGCCAGGACTTG_hybrid,0.70130765,34
AGTGCGCCATGACCAG_hybrid,0.66632694,10
AGTGCGGGTGCAACGG_hybrid,0.4275095,1
AGTGCTCAGGCGTCAT_hybrid,0.62836623,3
AGTGCTTGTTAGTGGA_hybrid,0.68915725,19
AGTGGAACAATATGTG_hybrid,0.7082856,55
AGTGGATAGTCATCCT_hybrid,0.7026289,38
AGTGGCGGTGAACGAC_hybrid,0.7098715,59
AGTGGCTTCACACCTT_hybrid,0.04594827,0
AGTGGCTTCACCTAGA_hybrid,0.035949174,0
AGTGGCTTCGTGCTAA_hybrid,0.7064082,50
AGTGGTTCATAGAGCT_hybrid,0.7020631,36
AGTGTCATCCCTGTGC_hybrid,0.707709,54
AGTGTCGCACCTTGGT_hybrid,0.6762298,14
AGTGTCGCACTTGAGG_hybrid,0.70115703,33
AGTGTGGAGGGTTGAG_hybrid,0.7115255,61
AGTGTGGAGTGCGCTG_hybrid,0.7130613,62
AGTTAGAAGATAGTAG_hybrid,0.7042833,43
AGTTATCAGATTAACC_hybrid,0.69790465,27
AGTTGAAAGATAGCTT_hybrid,0.7030092,39
AGTTGAAAGCCATTAG_hybrid,0.6831574,17
AGTTGAAAGTTACCCT_hybrid,0.7131553,62
AGTTGAGGTGATCAAG_hybrid,0.9450534,66
AGTTGCATCACGCTAA_hybrid,0.5730596,2
AGTTTCAGTGGGAACT_hybrid,0.5784877,2
AGTTTCAGTTCGTTGG_hybrid,0.9115617,65
AGTTTCCTCGTAGTCA_hybrid,0.70331186,40
AGTTTGGTCCGTGCGA_hybrid,0.6631233,8
ATAACCACAAACCGTG_hybrid,0.670034,12
ATAACCACACTCATAT_hybrid,0.6989137,28
ATAACGAAGCGCATGT_hybrid,0.705517,47
ATAACGAAGCTTCCTG_hybrid,0.6664819,10
ATAACGGGTCAATCAC_hybrid,0.70531046,47
ATAACGTTCCTCTACG_hybrid,0.66377515,8
ATAAGCTTCTCATGCT_hybrid,0.6651161,9
ATAAGTGAGCGGATCT_hybrid,0.7048473,45
ATAATCGCAATACCGG_hybrid,0.70587635,49
ATAATCGCACTAATCT_hybrid,0.60283047,2
ATAATGCTCAGGTCGT_hybrid,0.96049327,66
ATACACTAGCGAACTC_hybrid,0.7018075,35
ATACAGCCATGGCTGA_hybrid,0.70367175,41
ATACCATAGCGAACCT_hybrid,0.70531416,47
ATACCATAGGAACTGG_hybrid,0.70559585,48
ATACCCTTCAGCAAGG_hybrid,0.7059509,49
ATACCCTTCTAGTGTG_hybrid,0.70573175,48
ATACCTAGTATGGCAA_hybrid,0.6598421,6
ATACGATTCATGTCCT_hybrid,0.69230056,21
ATACGATTCCATTCGT_hybrid,0.70349795,40
ATACGGTCAGGGCTTA_hybrid,0.70291275,38
ATACGTTAGGCATTCA_hybrid,0.7047602,45
ATACTCCTCCTTCCAG_hybrid,0.70536923,47
ATACTGACACATTGCC_hybrid,0.6694764,12
ATACTGACAGGACTGC_hybrid,0.70698965,52
ATACTGGTCCGCGCTT_hybrid,0.70947975,58
ATACTGGTCGTGCGAT_hybrid,0.6928264,21
ATAGCAAAGTGATGGG_hybrid,0.7058247,48
ATAGCAGGTTGGATCT_hybrid,0.70147127,34
ATAGCCTGTCTCCATC_hybrid,0.6915136,20
ATAGCGAGTAGTTAGG_hybrid,0.70924777,58
ATAGCGCTCTCACTGT_hybrid,0.7038955,42
ATAGCGGAGGTGGCAA_hybrid,0.7109369,60
ATAGGCCTCACCTGCC_hybrid,0.67042124,12
ATAGGCGAGTCATCCT_hybrid,0.55251175,2
ATAGGCTCATCCTGTA_hybrid,0.7055161,47
ATAGGGCGTGAGGTGT_hybrid,0.65600556,5
ATAGGGGTCACTCGTT_hybrid,0.7108362,60
ATAGTCACATCATATC_hybrid,0.68801725,19
ATAGTCCGTTCACTAA_hybrid,0.065718494,1
ATAGTCCGTTCCTGTC_hybrid,0.7072495,53
ATAGTCCGTTGCCTGA_hybrid,0.7048784,45
ATAGTGAAGATTGAAG_hybrid,0.68034226,16
ATATCACAGCAATGAA_hybrid,0.6874445,19
ATATCACAGCTGGTAC_hybrid,0.67866063,15
ATATCACAGGGCTACT_hybrid,0.7057893,48
ATATCACAGTAGGAAC_hybrid,0.7015795,34
ATATCACAGTGCTGAC_hybrid,0.70508003,46
ATATCACAGTTGGCCG_hybrid,0.7034944,40
ATATCAGCATGGCTGA_hybrid,0.9474709,66
ATATCCTCAACGTTCC_hybrid,0.6733117,13
ATATCCTCACTTACAT_hybrid,0.7087726,57
ATATGGCCATCGGCTT_hybrid,0.6656298,10
ATATGTCAGGAGGCGT_hybrid,0.66662246,10
ATCACAACAGGATCAT_hybrid,0.6968931,25
ATCACATAGGAGGTTG_hybrid,0.6735971,14
ATCACCTTCACGCCTC_hybrid,0.7028843,38
ATCACCTTCCCGTGAG_hybrid,0.69599533,24
ATCACCTTCGATTACG_hybrid,0.61897975,3
ATCACTTCAACGGGCT_hybrid,0.703389,40
ATCAGCCAGGTTCACA_hybrid,0.70742786,53
ATCAGCCAGTTAGTCG_hybrid,0.70847726,56
ATCAGGCTCAGCTACA_hybrid,0.7032213,40
ATCAGGTCAAACTATG_hybrid,0.7034395,40
ATCAGGTCAGGATCTG_hybrid,0.69975257,30
ATCAGTTAGTAACGGG_hybrid,0.7049438,45
ATCAGTTAGTAGCAGG_hybrid,0.9194008,66
ATCATCCTCCCGTAGG_hybrid,0.5965203,2
ATCATGGTCTTGACGA_hybrid,0.016475407,0
ATCCAAGTCAATTAGC_hybrid,0.7068214,51
ATCCAAGTCATGCTGA_hybrid,0.94857794,66
ATCCAAGTCTATGCAG_hybrid,0.69080645,20
ATCCAATAGGAGTAAC_hybrid,0.31179565,1
ATCCACAAGTTGCGAC_hybrid,0.6680535,11
ATCCACGGTTAGGTCT_hybrid,0.67236304,13
ATCCACTTCACGCCGA_hybrid,0.68827164,19
ATCCATAGTCTAGGAA_hybrid,0.6782879,15
ATCCCAAAGGAGGTCA_hybrid,0.68634963,18
ATCCCCATCGCTCACC_hybrid,0.68310195,17
ATCCCCTGTAAGCAGC_hybrid,0.71092993,60
ATCCCGCTCCTGCGAG_hybrid,0.7066439,51
ATCCCTTAGGGCTTAC_hybrid,0.70142317,34
ATCCGACAGCGCCAAT_hybrid,0.7064349,50
ATCCGGGTCCAGGGTT_hybrid,0.68836665,19
ATCCGTCCAAATCGAC_hybrid,0.7079576,55
ATCCTAGAGCATTGAT_hybrid,0.69689256,25
ATCCTCACATTAGTGA_hybrid,0.67946446,16
ATCCTCCGTTAAGTCC_hybrid,0.7084222,56
ATCCTGAAGCGAAGTG_hybrid,0.700725,32
ATCCTGAAGGGCTGAA_hybrid,0.6645307,9
ATCGAACCAAATTCAG_hybrid,0.69679207,25
ATCGAACCATTGGCCT_hybrid,0.70176804,35
ATCGATTAGCATCTCT_hybrid,0.70396453,42
ATCGCCCTCATGACGC_hybrid,0.7104338,59
ATCGCCTCAGGTAACT_hybrid,0.06409619,1
ATCGGGCCATTAGAGC_hybrid,0.70363396,41
ATCGGTCAGCGAGGTA_hybrid,0.6983059,27
ATCGGTCAGGGCTACT_hybrid,0.7093202,58
ATCGTAGTCCACCGTC_hybrid,0.7113851,61
ATCGTCAAGAAGGATC_hybrid,0.6893425,19
ATCGTTAGTCAACCGC_hybrid,0.7464383,64
ATCGTTAGTGCGAGAT_hybrid,0.6666679,10
ATCGTTGAGGATAGAC_hybrid,0.7095309,58
ATCGTTGAGTGAGGTG_hybrid,0.70612764,49
ATCTAACAGTACGGTC_hybrid,0.6984061,27
ATCTACCTCAGTTCGA_hybrid,0.69810045,27
ATCTACCTCTGTGCGG_hybrid,0.69686776,25
ATCTCCACACAAGGTT_hybrid,0.69242525,21
ATCTCCACACTCGCTG_hybrid,0.7117814,61
ATCTCCACATAATCCT_hybrid,0.5136016,2
ATCTCGCCAAAGGATG_hybrid,0.69245934,21
ATCTGAGTCGATGATT_hybrid,0.64527196,4
ATCTGAGTCTAATCGG_hybrid,0.71074766,60
ATCTGCAAGCAATCAT_hybrid,0.70303684,39
ATCTGCAAGGTCGATC_hybrid,0.7029898,39
ATCTGGATCACAGATT_hybrid,0.6796525,16
ATCTTAGGTAGTCAGA_hybrid,0.7049988,45
ATCTTCATCAGCAGAG_hybrid,0.64833933,4
ATCTTCATCGACCGCA_hybrid,0.7028258,38
ATCTTGCTCAGCAAGG_hybrid,0.6995816,30
ATGAAACGTGCATCCA_hybrid,0.6650067,9
ATGAAACGTTTGGTCG_hybrid,0.66641206,10
ATGAAAGTCCCTGATT_hybrid,0.68937254,19
ATGAACCCACTATCGC_hybrid,0.6946633,23
ATGACAGGTGAACGGT_hybrid,0.6877849,19
ATGACAGGTTGCTCAG_hybrid,0.70393646,42
ATGACAGGTTTCCTTG_hybrid,0.714062,63
ATGACGGAGTTAGGAA_hybrid,0.709585,58
ATGAGGCGTCTCCACT_hybrid,0.6885971,19
ATGAGGCGTGCGCAGA_hybrid,0.77268714,64
ATGAGGTAGATTAGCT_hybrid,0.69647783,25
ATGAGTAAGTCATGCA_hybrid,0.70363665,41
ATGAGTTTCAGGCTAC_hybrid,0.70674217,51
ATGAGTTTCGACATCA_hybrid,0.6959649,24
ATGATCCGTGGGAACT_hybrid,0.70527315,46
ATGATGAAGTGAGTCC_hybrid,0.7039308,42
ATGATTGCACCAACGA_hybrid,0.7068902,51
ATGATTGCACTTGCAC_hybrid,0.7050307,45
ATGCAAGGTTTGCACG_hybrid,0.6986659,28
ATGCACGCAATACTGA_hybrid,0.7115052,61
ATGCAGGAGATAGTGA_hybrid,0.6931978,21
ATGCAGGAGGAGTATA_hybrid,0.70091116,33
ATGCAGGAGGATTGCC_hybrid,0.7063155,50
ATGCATTAGGTCCCGA_hybrid,0.7129453,62
ATGCCAATCGCGTTAA_hybrid,0.7010916,33
ATGCCACAGCTATACG_hybrid,0.70278907,38
ATGCCACAGGTTCCAA_hybrid,0.7014582,34
ATGCCAGCAGCCTAAG_hybrid,0.7017703,35
ATGCCAGCAGGTTACG_hybrid,0.70438546,43
ATGCCCAGTAAGTCAG_hybrid,0.6817505,17
ATGCCCTCACTTCACA_hybrid,0.87708473,65
ATGCCTAAGGAATTAG_hybrid,0.70508766,46
ATGCCTGGTAATCACC_hybrid,0.7117454,61
ATGCCTGGTAGGTAGC_hybrid,0.6847753,18
ATGCCTGGTGAAGTAT_hybrid,0.702361,37
ATGCCTGGTTTCAGGT_hybrid,0.7088786,57
ATGCCTGGTTTGAGAG_hybrid,0.7071912,53
ATGCGAAGTAGGTACA_hybrid,0.698489,28
ATGCGAAGTGCACCGT_hybrid,0.70373684,41
ATGCGGTTCACTCTGT_hybrid,0.70969886,58
ATGCTAGTCCCTTGAT_hybrid,0.6777061,15
ATGCTAGTCGACTGGT_hybrid,0.0248091,0
ATGCTCCCACTAGCAG_hybrid,0.66179407,7
ATGCTCCCATGGTTCC_hybrid,0.52811146,2
ATGCTTAGTAACGCGG_hybrid,0.7042606,43
ATGCTTGAGCGATACC_hybrid,0.669083,12
ATGCTTGAGGCTACAC_hybrid,0.6982956,27
ATGCTTGAGTTGGTTG_hybrid,0.70384526,42
ATGGACCTCCAACTTC_hybrid,0.7108432,60
ATGGACCTCTAGCTGA_hybrid,0.70489264,45
ATGGACTCATTGGAAC_hybrid,0.704173,43
ATGGAGTAGCCACGAT_hybrid,0.7032611,40
ATGGAGTAGTCGAGCT_hybrid,0.02301027,0
ATGGATGGTCAATGTC_hybrid,0.67311156,13
ATGGATGGTCATCAAC_hybrid,0.70853823,56
ATGGATGGTTTCGGTG_hybrid,0.7053473,47
ATGGCAAGTTAAGGGC_hybrid,0.7009603,33
ATGGCCCGTCAATGTC_hybrid,0.68543667,18
ATGGCTATCTTGAACG_hybrid,0.69921774,29
ATGGCTTGTAGCAGTA_hybrid,0.8702717,65
ATGGGATAGTAGCGTC_hybrid,0.70818406,55
ATGGGTAGTTCCTTCA_hybrid,0.71441454,63
ATGGGTAGTTGCGATT_hybrid,0.8430396,64
ATGGGTGAGGGTCTGT_hybrid,0.7040911,43
ATGGTAGGTTCCGGGT_hybrid,0.6636108,8
ATGGTAGGTTTGGTAC_hybrid,0.7025348,37
ATGGTGAGTGGCAGTG_hybrid,0.602744,2
ATGGTGAGTTGCACAT_hybrid,0.6788892,16
ATGGTGGAGCTTAACG_hybrid,0.7042922,43
ATGGTGGAGGATGGAT_hybrid,0.70700514,52
ATGGTGGAGGCACTCG_hybrid,0.7085248,56
ATGGTGGAGGCGCTCA_hybrid,0.6824383,17
ATGGTGGAGTAGCCCG_hybrid,0.7019054,35
ATGGTGGAGTGATACT_hybrid,0.6919353,21
ATGGTGGAGTTGGGTC_hybrid,0.70995545,59
ATGGTTACAAATCCAA_hybrid,0.7164606,63
ATGGTTACAACCAAGT_hybrid,0.70723516,53
ATGGTTACAGGTAGGG_hybrid,0.6622164,7
ATGGTTACATCACTCA_hybrid,0.70628834,50
ATGGTTTAGCGGATCT_hybrid,0.69481725,23
ATGTAGCCACATACGG_hybrid,0.7013029,34
ATGTCAACAAGTGCTG_hybrid,0.7086286,56
ATGTCAACACTTGCTA_hybrid,0.7039251,42
ATGTCCCCAGCACTGA_hybrid,0.7021953,36
ATGTCCTTCTGGCATA_hybrid,0.6693488,12
ATGTGAAAGGTAGAGT_hybrid,0.7051582,46
ATGTGAAAGTCGAGAG_hybrid,0.70438915,43
ATGTGAGGTGACTCCA_hybrid,0.70184606,35
ATGTGAGGTGGCAGCA_hybrid,0.68305194,17
ATGTGAGGTTGCATGT_hybrid,0.7017946,35
ATGTGCATCAGCAGAG_hybrid,0.6368057,3
ATGTGCATCCCCATTG_hybrid,0.6931119,21
ATGTGGGAGGTCACTA_hybrid,0.70776576,54
ATGTGTTAGATTGACT_hybrid,0.70599276,49
ATGTGTTAGGGTATGG_hybrid,0.8217261,64
ATGTTAGCAACCTCAC_hybrid,0.69366753,22
ATTACGTAGTAATTGC_hybrid,0.7011813,33
ATTACTGGTCATGGTT_hybrid,0.66520065,9
ATTACTGGTGGGTACG_hybrid,0.6902388,20
ATTATCCCATAATCAG_hybrid,0.021209123,0
ATTCACCTCAGGCTCG_hybrid,0.71441686,63
ATTCACCTCCTCATAC_hybrid,0.11170688,1
ATTCATCCACAACGAT_hybrid,0.7090886,57
ATTCATCCATTAATCC_hybrid,0.69709414,26
ATTCATGGTGCGTGCT_hybrid,0.7040401,42
ATTCATGGTTGGCTGC_hybrid,0.68934333,19
ATTCATGGTTTCACGG_hybrid,0.70527256,46
ATTCCAAGTCAACGGG_hybrid,0.870692,65
ATTCCAAGTGATCCCA_hybrid,0.70923406,58
ATTCCATCAAACCACG_hybrid,0.7106308,60
ATTCCATCAACTTACT_hybrid,0.66646,10
ATTCCCACAAGCGGTC_hybrid,0.6963803,25
ATTCCCACATTACCTG_hybrid,0.67497593,14
ATTCCGCCATAGGCCA_hybrid,0.70869863,56
ATTCCTTGTGAGTCCC_hybrid,0.66345394,8
ATTCGATAGTCGCTAA_hybrid,0.8319504,64
ATTCGCTTCATAGATC_hybrid,0.6956561,24
ATTCGCTTCCGGTTGG_hybrid,0.68135667,17
ATTCGGGCAGCTCAGA_hybrid,0.70187616,35
ATTCGGGCATGGATGT_hybrid,0.6963895,25
ATTCGTTCAAATCGGT_hybrid,0.66414845,9
ATTCTCATCCTTCCAG_hybrid,0.7139115,63
ATTCTCATCGACCAGT_hybrid,0.6938655,22
ATTGACTAGCATAGGG_hybrid,0.70298004,39
ATTGAGAAGCTAACCA_hybrid,0.7037405,41
ATTGAGAAGTGCGGAA_hybrid,0.69734925,26
ATTGATGCAGGCATTG_hybrid,0.7053968,47
ATTGCCCCAGGACTGC_hybrid,0.70631635,50
ATTGCCTTCAGGTAGG_hybrid,0.70264316,38
ATTGCCTTCCGTATAG_hybrid,0.69490707,23
ATTGCCTTCGCTCACC_hybrid,0.8041038,64
ATTGGATTCAATCAGT_hybrid,0.6785847,15
ATTGGATTCTCACTAC_hybrid,0.7047389,45
ATTGGCGCAAACTACA_hybrid,0.7018765,35
ATTGGGTCACCAACCT_hybrid,0.6479819,4
ATTGGGTCAGGAAGCG_hybrid,0.7072407,53
ATTGTCAGTTGCTCGA_hybrid,0.06742504,1
CAAACCCAGCGCATCG_hybrid,0.69889086,28
CAAACCCAGTCGAGCT_hybrid,0.7087937,57
CAAACCGCAGTACCAG_hybrid,0.7084163,56
CAAACCGCATCCATGC_hybrid,0.6780593,15
CAAACCTGTGCGAGTG_hybrid,0.6831369,17
CAAACCTGTGCGATCC_hybrid,0.7015589,34
CAAACCTGTTACACCG_hybrid,0.8442715,64
CAAACCTGTTGCGGCT_hybrid,0.60717744,3
CAAACCTGTTTGCACG_hybrid,0.70100576,33
CAAACGGAGGTTCACA_hybrid,0.7021131,36
CAAACGGAGTGCCCGA_hybrid,0.6805758,16
CAAACTTAGCGCTTGG_hybrid,0.70902264,57
CAAACTTAGGAGTATA_hybrid,0.70292336,38
CAAACTTAGTAGACCC_hybrid,0.7111161,60
CAAACTTAGTCATCAG_hybrid,0.7102722,59
CAAAGCCTCAATCTGG_hybrid,0.70819443,55
CAAAGCGAGTTGCGAC_hybrid,0.6678389,11
CAAAGCTCAGGGATGG_hybrid,0.036290914,0
CAAAGGCGTAATTCGC_hybrid,0.7027039,38
CAAAGGCGTGCGCAGA_hybrid,0.6269763,3
CAAAGGGTCCGCTGTC_hybrid,0.7101255,59
CAAAGGTAGATAGTCT_hybrid,0.45677164,1
CAAAGTAAGGTAGACG_hybrid,0.92150813,66
CAAATCACATAGGGTT_hybrid,0.70535386,47
CAAATCCGTAGCTCGC_hybrid,0.67912924,16
CAAATCCGTATTGAGG_hybrid,0.6668331,11
CAAATCCGTTGACTCG_hybrid,0.69398344,22
CAAATGAAGATTGATC_hybrid,0.7082903,55
CAAATGAAGTAATGAG_hybrid,0.7063109,50
CAAATGGGTATGTAGG_hybrid,0.6737622,14
CAAATGGGTGGACCGA_hybrid,0.6970744,26
CAAATGTTCAGCAGAG_hybrid,0.69835436,27
CAAATGTTCCATTAGG_hybrid,0.6960932,24
CAAATTCAGGAGGTGC_hybrid,0.657624,6
CAACAGTCAATCAGAC_hybrid,0.69727355,26
CAACATTAGGAGTACG_hybrid,0.7044855,44
CAACCAATCTAATGCG_hybrid,0.71214193,62
CAACCCAGTGGGTACG_hybrid,0.7034224,40
CAACGAAGTTATGCGT_hybrid,0.65895736,6
CAACGGGGTTAAGCAG_hybrid,0.70596987,49
CAACGGGGTTATGCGT_hybrid,0.69402117,22
CAACTAGTCACTTCAC_hybrid,0.7009689,33
CAACTAGTCATGCAAT_hybrid,0.7066659,51
CAACTCCCATAGGCGC_hybrid,0.7013639,34
CAACTCCCATCACTAT_hybrid,0.90173626,65
CAACTGATCATAGAGA_hybrid,0.65356714,5
CAACTGATCCACCTTG_hybrid,0.70593816,49
CAACTGATCCGCAACG_hybrid,0.70790446,55
CAAGACTCATGGTCCT_hybrid,0.7048789,45
CAAGACTCATTGCACC_hybrid,0.7015521,34
CAAGATGGTGATGCAA_hybrid,0.68942827,19
CAAGATGGTTTACTTC_hybrid,0.69797343,27
CAAGCAAGTTGGTTCG_hybrid,0.7007155,32
CAAGCATCAAGCATCG_hybrid,0.92350125,66
CAAGCATCACTAGGCA_hybrid,0.69893265,28
CAAGCCCGTCTAGGAA_hybrid,0.6886949,19
CAAGCCCGTGGGTCAG_hybrid,0.70072585,32
CAAGCGCCACCACAGA_hybrid,0.71174884,61
CAAGCGCCATCCTGTA_hybrid,0.7122958,62
CAAGCGGGTTGGAGTA_hybrid,0.6838104,17
CAAGCTCAGTTAGCAT_hybrid,0.7039941,42
CAAGCTGCATTAAGTG_hybrid,0.71084183,60
CAAGCTGCATTCGGTC_hybrid,0.70328104,40
CAAGGAACACTCAGGA_hybrid,0.69774115,26
CAAGGAACATAGGGCC_hybrid,0.71225744,62
CAAGGATAGGCGAGTA_hybrid,0.7031,39
CAAGGATAGGTAGCCT_hybrid,0.7132715,62
CAAGGCAAGGCTCCAG_hybrid,0.6903448,20
CAAGGTAGTTCGGTGC_hybrid,0.70028085,31
CAAGGTGAGGCACGTT_hybrid,0.70524746,46
CAAGTAAAGGTAAGTA_hybrid,0.69289166,21
CAAGTAGGTAGGTACA_hybrid,0.70749336,54
CAAGTAGGTGAGTAAT_hybrid,0.7092074,57
CAAGTAGGTGAGTTGA_hybrid,0.6759481,14
CAAGTCGCAATAGGGA_hybrid,0.69602156,24
CAAGTCTGTAATCGCT_hybrid,0.69977653,30
CAAGTCTGTTGCGTCA_hybrid,0.71338385,62
CAAGTGAGTAGTAGTG_hybrid,0.7048666,45
CAATAGAAGGTCAACC_hybrid,0.61089057,3
CAATAGCCAACCCTGT_hybrid,0.70245224,37
CAATAGCCACTACCAC_hybrid,0.7095406,58
CAATAGCCATAGACGT_hybrid,0.708327,55
CAATATCAGGAATGGT_hybrid,0.700116,31
CAATCCGGTCATCACG_hybrid,0.7114539,61
CAATCCGGTGCGGACA_hybrid,0.67467916,14
CAATCCTTCACGCTAA_hybrid,0.7107292,60
CAATCCTTCCAGATGC_hybrid,0.64752215,4
CAATCCTTCCCGTACC_hybrid,0.68577474,18
CAATCTTCACTAGCTC_hybrid,0.6989894,29
CAATGCATCATCAGGC_hybrid,0.6952262,23
CAATGCATCGTTGCTT_hybrid,0.70517117,46
CAATGCCAGCGAGCTT_hybrid,0.69867826,28
CAATGGCTCGCGTGTG_hybrid,0.6878791,19
CAATGGTCAATAGGGA_hybrid,0.6669946,11
CAATGGTCAGTAATTG_hybrid,0.7051711,46
CAATTGGTCAGGTCTA_hybrid,0.6833218,17
CACAAGTCAAATCCGG_hybrid,0.7054537,47
CACACAATCGCTTGCC_hybrid,0.69882613,28
CACACAATCTAGTCCT_hybrid,0.69796246,27
CACACACAGATTAAGG_hybrid,0.70169705,35
CACACAGCAATTAACG_hybrid,0.70410776,43
CACACAGCACATGCTC_hybrid,0.70242137,37
CACACCCTCCGCCAAG_hybrid,0.66269356,7
CACAGGCCAGGAGCGA_hybrid,0.7030512,39
CACAGGTTCCATTGCT_hybrid,0.71248084,62
CACAGGTTCGTTCCAT_hybrid,0.05585333,1
CACATAACAACTTAGA_hybrid,0.7102141,59
CACATAACAATATACG_hybrid,0.7042947,43
CACATAGTCAAGTTCG_hybrid,0.7098603,59
CACATAGTCCCTCTCT_hybrid,0.6745824,14
CACATAGTCCGGTTGG_hybrid,0.709365,58
CACATATAGCTAAGGG_hybrid,0.7030064,39
CACATCAAGTGGGTAG_hybrid,0.66367483,8
CACATCCCAATGAAGG_hybrid,0.66512245,9
CACATTAGTCCATATA_hybrid,0.67292255,13
CACATTAGTGATTAGG_hybrid,0.70607835,49
CACCAACAGGGCCATT_hybrid,0.70871174,56
CACCACCTCCCATGCC_hybrid,0.7048647,45
CACCAGACAATACAGC_hybrid,0.7022344,36
CACCAGTAGCGCTATA_hybrid,0.70815456,55
CACCATAAGCGATGGA_hybrid,0.70022035,31
CACCCAAGTTTCGGCA_hybrid,0.69489056,23
CACCCAAGTTTGACTA_hybrid,0.71217537,62
CACCCATCAACCTCTA_hybrid,0.70610654,49
CACCCGTTCACATTCC_hybrid,0.6035247,3
CACCCTGCAATCGCTC_hybrid,0.7069681,52
CACCCTGCAGCACCTT_hybrid,0.7019032,35
CACCGAACATGGTCTC_hybrid,0.6601283,6
CACCGTAGTAGCCATT_hybrid,0.7072034,53
CACCGTAGTTAGGCCC_hybrid,0.6983848,27
CACCTAAAGGATGAAC_hybrid,0.6845053,18
CACCTAAAGTAGGGCA_hybrid,0.6573451,6
CACCTATTCAGCCACG_hybrid,0.7018723,35
CACCTATTCGATCAAT_hybrid,0.70559865,48
CACCTCATCTCACATC_hybrid,0.69093764,20
CACCTGCTCGTCTCTG_hybrid,0.7062977,50
CACCTTTAGCCAGTTA_hybrid,0.67623776,14
CACGAAAGTTTGCACG_hybrid,0.665138,9
CACGACCGTTAGGGAC_hybrid,0.7058415,48
CACGACCGTTTGGACT_hybrid,0.60368824,3
CACGACTAGCCGATTA_hybrid,0.7067442,51
CACGACTAGTACGGTC_hybrid,0.6643081,9
CACGAGGGTATGTACC_hybrid,0.025690854,0
CACGATGCAACCCTTA_hybrid,0.70191723,36
CACGATGCACTTACAT_hybrid,0.7041351,43
CACGATGCAGGCAATT_hybrid,0.7026161,38
CACGATGCATCAAGCG_hybrid,0.017797105,0
CACGCAACAATCAGTA_hybrid,0.6751087,14
CACGCAACAATTGGCG_hybrid,0.71073306,60
CACGCAACAGCACTAG_hybrid,0.6748946,14
CACGCCAAGATAGCAA_hybrid,0.6438823,4
CACGCTAGTGAAGGTC_hybrid,0.71567255,63
CACGGCTGTGCAATGA_hybrid,0.7094417,58
CACGGGTCAACGGCTA_hybrid,0.7036925,41
CACGGGTCAATCTGCC_hybrid,0.03546144,0
CACGTAATCCACCGCT_hybrid,0.6740116,14
CACGTAATCCAGGGAA_hybrid,0.7065777,50
CACGTATGTAGCAGCG_hybrid,0.6857568,18
CACGTATGTTATGCAC_hybrid,0.04319885,0
CACGTTGGTAATGGTG_hybrid,0.022927374,0
CACGTTGGTGGCTTGC_hybrid,0.7029486,39
CACTAACGTAGCAGTA_hybrid,0.70374566,41
CACTAACGTGCGTGAG_hybrid,0.7069004,51
CACTATGAGGTACCGT_hybrid,0.7085314,56
CACTCACCACAATCGG_hybrid,0.7090712,57
CACTCCATCCCCTGGT_hybrid,0.70589525,49
CACTCCATCGACTAGC_hybrid,1.0,66
CACTCCATCGATGCGT_hybrid,0.6598886,6
CACTGCCTCGAATCCA_hybrid,0.7076574,54
CACTGGGTCGATATGT_hybrid,0.7073962,53
CACTGGGTCTTGATGG_hybrid,0.7055578,47
CACTTAGAGCAGTTCA_hybrid,0.7098821,59
CACTTAGAGGATATGA_hybrid,0.6942059,22
CACTTAGAGGTACGTC_hybrid,0.69946206,29
CACTTCACAATCCAGG_hybrid,0.046032388,1
CAGCAGCCAATATACG_hybrid,0.702872,38
CAGCAGCCAATATCTC_hybrid,0.70634097,50
CAGCATATCCAGATCA_hybrid,0.57355493,2
CAGCATATCGCGTTAA_hybrid,0.70179814,35
CAGCATATCGTACCAA_hybrid,0.68817145,19
CAGCCAACAGGACTCA_hybrid,0.7074354,53
CAGCCAACATCCAAGG_hybrid,0.70931125,58
CAGCCATAGGTAGACG_hybrid,0.7059905,49
CAGCCTAGTTATAGGG_hybrid,0.82983017,64
CAGCGAGGTTAGCCCA_hybrid,0.6587853,6
CAGCGATTCAGTAGCC_hybrid,0.7028658,38
CAGCGCATCACCTAGA_hybrid,0.6809572,16
CAGCGGTCAGCACTGA_hybrid,0.7026542,38
CAGCTAATCGTTCCTG_hybrid,0.7066894,51
CAGCTTGGTGCGGATG_hybrid,0.7070929,52
CAGGACCCAATAGACC_hybrid,0.7083877,56
CAGGACCCATAACCAA_hybrid,0.70624346,49
CAGGAGGCAGGACTCA_hybrid,0.6637674,8
CAGGAGGCATTAGGTA_hybrid,0.6940943,22
CAGGATAGTCTTGGAT_hybrid,0.7082018,55
CAGGCCATCCTTCCTC_hybrid,0.70899683,57
CAGGCTTAGCGAAGCA_hybrid,0.7071399,52
CAGGCTTAGTTAGAGA_hybrid,0.70925844,58
CAGGGATGTGCAACTT_hybrid,0.68678004,18
CAGGGGACAAACCTAA_hybrid,0.70500636,45
CAGGGGACATCATAGA_hybrid,0.7006267,32
CAGGGTTTCCAATGAT_hybrid,0.835566,64
CAGGTAAGTCTGTGTG_hybrid,0.7093517,58
CAGGTAAGTGAGTTGA_hybrid,0.699511,29
CAGGTAAGTGCAGTAA_hybrid,0.670381,12
CAGGTAAGTTTAATCG_hybrid,0.69908315,29
CAGGTCACATCGTTGC_hybrid,0.66502345,9
CAGGTCCGTATGTGGA_hybrid,0.65813655,6
CAGGTGAAGCTGGCAT_hybrid,0.6947949,23
CAGGTGAAGGAGGTAT_hybrid,0.6963475,25
CAGGTGAAGTAGTAGA_hybrid,0.6665636,10
CAGTAAGGTAGTGCCC_hybrid,0.6623066,7
CAGTAAGGTTAAGCAG_hybrid,0.70199805,36
CAGTAAGGTTGCGTAT_hybrid,0.6867929,19
CAGTAGCTCCGGGTAT_hybrid,0.692553,21
CAGTAGTCAAAGGTAG_hybrid,0.7037967,42
CAGTAGTCAACTGTGG_hybrid,0.70692295,52
CAGTAGTCAATTGGCG_hybrid,0.70394754,42
CAGTAGTCAGCCTAAG_hybrid,0.6998497,30
CAGTCAATCCCGTAGG_hybrid,0.7073197,53
CAGTCAATCCCTGACC_hybrid,0.70564336,48
CAGTCAATCCTGATAG_hybrid,0.70503193,45
CAGTCAATCGATAGCC_hybrid,0.017806537,0
CAGTCAATCGTCTCCA_hybrid,0.7065514,50
CAGTCCCTCCTGAATG_hybrid,0.70388097,42
CAGTCCTCAATGCCGA_hybrid,0.6981731,27
CAGTCCTCATTACTAC_hybrid,0.7034265,40
CAGTCTAAGCCGACCA_hybrid,0.69297767,21
CAGTCTAAGGGTAGAT_hybrid,0.70862025,56
CAGTCTAAGTGGCTGT_hybrid,0.96937674,66
CAGTTAACAAGCTGGC_hybrid,0.69798064,27
CAGTTAACATCCATCA_hybrid,0.70514,46
CAGTTACGTAAGGTCA_hybrid,0.7057197,48
CAGTTCAAGGCGCATT_hybrid,0.7042217,43
CAGTTCAAGGTACTAT_hybrid,0.69175375,20
CAGTTCCCAAATTCAG_hybrid,0.65274864,5
CAGTTTGAGATTCGCA_hybrid,0.6819739,17
CAGTTTGAGGTAGGAT_hybrid,0.6906781,20
CATAACTAGGCGATAG_hybrid,0.86502326,65
CATAAGCCAGCCTATC_hybrid,0.7077139,54
CATAAGCCAGGCAATT_hybrid,0.7006015,32
CATACAACAGCTCTGT_hybrid,0.70747256,53
CATACATAGAATCACT_hybrid,0.70382017,42
CATACATAGGGGATTG_hybrid,0.95119995,66
CATACCCCAAAGGACA_hybrid,0.69931495,29
CATACCCCAAATTCGA_hybrid,0.66343856,8
CATACCCCAACGGCTA_hybrid,0.6699068,12
CATACCCCATAAGGGA_hybrid,0.7132747,62
CATACCTTCTAGATAC_hybrid,0.67012286,12
CATACTGAGTGGCAAG_hybrid,0.7029338,39
CATAGATTCTCATCCG_hybrid,0.70190877,35
CATAGCATCCAGGTTA_hybrid,0.6814717,17
CATAGCCAGATAGTCT_hybrid,0.7045156,44
CATAGCCAGTCGATTG_hybrid,0.69325083,21
CATAGCGCACCATGAG_hybrid,0.661371,7
CATAGGCTCACGCCTC_hybrid,0.7083365,55
CATAGGTCAATATGCA_hybrid,0.70227283,37
CATATAGCAGGACTGC_hybrid,0.6828192,17
CATATCCTCGAAGGGC_hybrid,0.6975059,26
CATATCTCACTACCGT_hybrid,0.66966766,12
CATATCTCAGTACTCC_hybrid,0.6782529,15
CATATCTCATTACTAC_hybrid,0.70196885,36
CATATGGTCAGGATGG_hybrid,0.6940737,22
CATATGGTCATGTGGC_hybrid,0.6803962,16
CATATGGTCGCTTGGG_hybrid,0.64786035,4
CATCAATAGAAGCAAC_hybrid,0.9551606,66
CATCAATAGTGCCTGG_hybrid,0.6789881,16
CATCACAAGCGGTCCA_hybrid,0.70549035,47
CATCACAAGGATTGCC_hybrid,0.6932986,21
CATCACTTCTGGCTGG_hybrid,0.70507336,46
CATCAGGCAAGCTAAC_hybrid,0.7026268,38
CATCATTCAATATCTC_hybrid,0.70348644,40
CATCCAAAGGATCAGG_hybrid,0.69808733,27
CATCCAAAGTGGCTTA_hybrid,0.6524511,5
CATCCACCATTCAGCC_hybrid,0.5791039,2
CATCCAGGTATAGTGG_hybrid,0.6885832,19
CATCCCGCATGGAGCC_hybrid,0.70417136,43
CATCCCTGTCATCAAC_hybrid,0.7013495,34
CATCCGGAGATAGTTC_hybrid,0.7068063,51
CATCGCCTCGCGTCCT_hybrid,0.7028559,38
CATCGTTTCGTGAACC_hybrid,0.6712857,13
CATCTAAGTTTGCGGC_hybrid,0.7088927,57
CATCTCACAAGCATTA_hybrid,0.91426843,65
CATCTGTTCCTGAAGC_hybrid,0.6781881,15
CATCTTGCAATGTGCG_hybrid,0.70771503,54
CATCTTGCAGCCTATC_hybrid,0.60782266,3
CATCTTGCAGGTTCAG_hybrid,0.68178266,17
CATGAACCACCTGTGT_hybrid,0.7052314,46
CATGAACCAGTTAGTA_hybrid,0.6953858,23
CATGATTAGTATGGTT_hybrid,0.7040142,42
CATGATTAGTCATGCA_hybrid,0.70022583,31
CATGCCAGTCATGGTT_hybrid,0.6899896,20
CATGCCAGTTAGACCT_hybrid,0.70825326,55
CATGCCTCAGCTACGA_hybrid,0.68533266,18
CATGCGCGTTCTGGCA_hybrid,0.6931261,21
CATGCTGGTATGTCCG_hybrid,0.6938776,22
CATGCTGGTTGACCCA_hybrid,0.6683722,11
CATGGGTTCATACTCC_hybrid,0.68899906,19
CATGGGTTCCGGTGAT_hybrid,0.7036413,41
CATGGTCAGCGCCACA_hybrid,0.7108299,60
CATGTCAAGCTAACCA_hybrid,0.6877867,19
CATGTTAGTGGACAGT_hybrid,0.6960228,24
CATGTTGAGAACGGAT_hybrid,0.68176395,17
CATTAACAGCTAGTGC_hybrid,0.86151475,64
CATTAACAGTCAATCG_hybrid,0.69617397,24
CATTACCTCACCTGCC_hybrid,0.7048274,45
CATTAGGTCTGGTCAA_hybrid,0.70576257,48
CATTAGTAGGTTAATC_hybrid,0.69807,27
CATTAGTAGGTTCGGT_hybrid,0.6636381,8
CATTCAAGTCAATGGA_hybrid,0.70208704,36
CATTCATCACCTGCCA_hybrid,0.71804744,63
CATTCATCATTGGAGT_hybrid,0.6967422,25
CATTCGAAGCGAGTCT_hybrid,0.6994067,29
CATTCGCCAGTTGCTC_hybrid,0.67532825,14
CATTCGCCATGGCTAG_hybrid,0.6996867,30
CATTCGCCATTCATCG_hybrid,0.6895188,19
CATTCTATCTCACTGT_hybrid,0.70059806,32
CATTGCTTCACGCCAG_hybrid,0.70373845,41
CATTGCTTCAGCAGTC_hybrid,0.7089777,57
CATTGCTTCATCAGGC_hybrid,0.6693221,12
CATTGCTTCGTTAGTG_hybrid,0.69816,27
CATTGGGCACTTCGGT_hybrid,0.69948286,29
CATTGTGAGGTATCTG_hybrid,0.703681,41
CATTTAGGTGCAAGTA_hybrid,0.70057815,32
CATTTGAGTCAACTTA_hybrid,0.7043512,43
CATTTGAGTTGTCCTC_hybrid,0.63924646,3
CATTTGCTCATGTCTC_hybrid,0.7041794,43
CATTTGGAGTTGCGAC_hybrid,0.7029047,38
CCAAAGTCAATATCTC_hybrid,0.7016506,34
CCAAAGTCATTCGCTA_hybrid,0.5151435,2
CCAACCCTCACACCTT_hybrid,0.6678589,11
CCAACCCTCAGCACTA_hybrid,0.70784473,54
CCAACTGGTCTGGCAC_hybrid,0.66061115,7
CCAACTGGTTTCGAGT_hybrid,0.71001995,59
CCAAGGGGTAATGGGC_hybrid,0.7068158,51
CCAATAGTCCCTCAAT_hybrid,0.70053184,32
CCAATATAGCCTAGCG_hybrid,0.663636,8
CCAATATAGCGGTGAA_hybrid,0.7730592,64
CCAATATAGGCATGTC_hybrid,0.70284754,38
CCAATTAGTTTAGGCT_hybrid,0.71312815,62
CCAATTGAGGGCTAGA_hybrid,0.7008145,32
CCAATTGAGGTCCAGT_hybrid,0.6488022,4
CCAATTGAGTAAGTAG_hybrid,0.6629681,8
CCAATTGAGTTGCACA_hybrid,0.710456,59
CCAATTTCATGCGGAC_hybrid,0.70573354,48
CCAATTTCATGGCCTT_hybrid,0.69967,30
CCACAACAGCGATGAG_hybrid,0.70396674,42
CCACAACAGTCGCGCA_hybrid,0.70454615,44
CCACAGACAAGTCGAT_hybrid,0.698045,27
CCACATCCATAACGTA_hybrid,0.68377525,17
CCACATGGTGAACGGT_hybrid,0.6959743,24
CCACCAAGTAGCCTTG_hybrid,0.599484,2
CCACCATCAATGTAGC_hybrid,0.6648469,9
CCACCGTTCTAGTACG_hybrid,0.6941423,22
CCACCTATCCCCAGTC_hybrid,0.69330424,21
CCACCTCAGGTTCCGG_hybrid,0.7060702,49
CCACCTCAGTGCCCGA_hybrid,0.709881,59
CCACCTGCAAACTGCG_hybrid,0.68047816,16
CCACCTGCAGGCATTG_hybrid,0.7130773,62
CCACCTTGTAAGCGGT_hybrid,0.6951211,23
CCACCTTGTTGGCCGT_hybrid,0.6993434,29
CCACGATAGATACTGT_hybrid,0.66931117,12
CCACGATAGTGGGTCT_hybrid,0.6663567,10
CCACGCAAGTGAGTAA_hybrid,0.7078332,54
CCACGGATCACGTAGC_hybrid,0.70383066,42
CCACGTAGTTCGCGTA_hybrid,0.6764241,14
CCACTAAAGTTGCTGA_hybrid,0.68586206,18
CCACTAGGTATGGTGA_hybrid,0.6832517,17
CCACTAGGTCAACTTA_hybrid,0.7042764,43
CCACTAGGTCTGTGTG_hybrid,0.6995639,30
CCACTAGGTTCAAGCT_hybrid,0.67289364,13
CCACTATTCTCATCAC_hybrid,0.7086808,56
CCACTTACACAACGTG_hybrid,0.68432844,18
CCAGAATCAAGCGGAG_hybrid,0.7008496,32
CCAGACCGTAGGTTAG_hybrid,0.69843704,27
CCAGACTAGCCAGATC_hybrid,0.7076202,54
CCAGAGAAGCATCAAT_hybrid,0.70691806,52
CCAGAGAAGCCGATAC_hybrid,0.70083,32
CCAGAGAAGGTGACGA_hybrid,0.6847683,18
CCAGCCAAGTTAGCGC_hybrid,0.7055349,47
CCAGCCTTCAGGGCTT_hybrid,0.7093583,58
CCAGGCATCAATCTGG_hybrid,0.703056,39
CCAGTAATCAATGGAA_hybrid,0.603965,3
CCAGTAATCACATGGC_hybrid,0.6073963,3
CCAGTATGTTGACTCG_hybrid,0.6974652,26
CCAGTATGTTGCCTAG_hybrid,0.7103458,59
CCAGTCCTCAATTCGG_hybrid,0.7169149,63
CCAGTCCTCTGGCTGG_hybrid,0.70352495,41
CCAGTCCTCTGTGATG_hybrid,0.6971746,26
CCAGTTAAGCGGATTC_hybrid,0.70268166,38
CCAGTTAAGGATGGTG_hybrid,0.68488884,18
CCAGTTGGTAGCAGAC_hybrid,0.70082766,32
CCATAACGTGAAGGTC_hybrid,0.66049993,7
CCATAACGTTACACTA_hybrid,0.694296,22
CCATAACGTTTAGGAG_hybrid,0.7039906,42
CCATAAGTCAGCTACA_hybrid,0.70911664,57
CCATAAGTCCGCATCC_hybrid,0.6876243,19
CCATAAGTCTCACATC_hybrid,0.63283974,3
CCATACTTCATATAGC_hybrid,0.70592517,49
CCATATAGTTGGACCC_hybrid,0.7028888,38
CCATCACCACCAGGAC_hybrid,0.67141914,13
CCATCACCACCTTGGT_hybrid,0.66737956,11
CCATCACCATGAATTG_hybrid,0.707721,54
CCATCAGGTAGGTACA_hybrid,0.67975307,16
CCATCCGCACATTAAG_hybrid,0.7118914,61
CCATCCTGTAGTAAGT_hybrid,0.6969359,25
CCATCCTGTTTCACTT_hybrid,0.69847435,28
CCATCGCTCCATAGCA_hybrid,0.71154076,61
CCATCTTAGAATCCTG_hybrid,0.709741,58
CCATCTTAGCTAATGT_hybrid,0.6926019,21
CCATGCCTCATCTCAC_hybrid,0.70376617,41
CCATGCCTCGTGCCAG_hybrid,0.6504276,4
CCATGGGTCACACCTT_hybrid,0.69954824,30
CCATGTCCAGGTTCCT_hybrid,0.69425404,22
CCATGTCCAGGTTGCA_hybrid,0.65623003,5
CCATGTCCATGCAGAT_hybrid,0.7065077,50
CCATTAAGTAACGACA_hybrid,0.6795056,16
CCATTGAAGAAGGGAA_hybrid,0.7028496,38
CCATTGAAGGCGAATG_hybrid,0.6968634,25
CCATTTCAGTAAGTAG_hybrid,0.65709186,6
CCATTTGCAAGGGACG_hybrid,0.70598686,49
CCATTTGCATCCATAT_hybrid,0.9546866,66
CCCAAATGTTCGGTAT_hybrid,0.7046556,44
CCCAACCTCATGCGTA_hybrid,0.699576,30
CCCAATCCAGCACGGT_hybrid,0.7054946,47
CCCAATCCAGGACATT_hybrid,0.6268162,3
CCCAATTTCGATCCGG_hybrid,0.6808873,16
CCCACTATCCGCCTGT_hybrid,0.68502283,18
CCCAGCAAGCGAGGTA_hybrid,0.6666035,10
CCCAGCAAGGCACTTA_hybrid,0.69784254,27
CCCAGGATCCCGCAAG_hybrid,0.6451019,4
CCCAGGATCTAGCCTT_hybrid,0.70362085,41
CCCAGTGAGCAAGCCT_hybrid,0.70224607,36
CCCAGTGAGCGCCAAT_hybrid,0.7112365,60
CCCAGTGAGCGCTTGG_hybrid,0.70575356,48
CCCAGTGAGGGTATCC_hybrid,0.6985263,28
CCCAGTGAGGTACTGC_hybrid,0.66462886,9
CCCATATTCGATCCAA_hybrid,0.6939691,22
CCCATATTCTGTGCCC_hybrid,0.67372847,14
CCCATCATCAGTTCGA_hybrid,0.71147656,61
CCCATCATCCGTCAGG_hybrid,0.6922352,21
CCCATCATCGTAGTAT_hybrid,0.68512756,18
CCCATCATCTGTGCTT_hybrid,0.52399117,2
CCCATCGCACTAGCTC_hybrid,0.683841,17
CCCATCGCAGCTCTGT_hybrid,0.8458896,64
CCCATCTGTCAATTCA_hybrid,0.7027876,38
CCCATCTGTGATGGGT_hybrid,0.7108716,60
CCCATGGAGTGATTAC_hybrid,0.69367135,22
CCCATTGTCACTAGCA_hybrid,0.70232385,37
CCCATTGTCCATGTCT_hybrid,0.7058233,48
CCCATTTAGGAGCCAA_hybrid,0.70769477,54
CCCGAATAGTAGCCGT_hybrid,0.65590125,5
CCCGAATAGTAGCTCA_hybrid,0.7069332,52
CCCGATGAGGAACTGG_hybrid,0.7046414,44
CCCGATGAGTGCCTAA_hybrid,0.7076839,54
CCCGATTCAAGTGCGC_hybrid,0.7077586,54
CCCGCATTCAGGTCGT_hybrid,0.7050759,46
CCCGCTTAGTGCGGTT_hybrid,0.66609204,10
CCCGGTAAGCTAGAGG_hybrid,0.70522785,46
CCCGTTATCGACTTGA_hybrid,0.66159624,7
CCCGTTGCACATTCAT_hybrid,0.70294684,39
CCCTAACCAGGAAGTA_hybrid,0.71672183,63
CCCTAATTCTAATGAC_hybrid,0.70130306,34
CCCTACGCAGGTAGTT_hybrid,0.70974594,58
CCCTAGCTCCTTCGAT_hybrid,0.90192765,65
CCCTAGTCATAATCGA_hybrid,0.6988394,28
CCCTATGTCACTTGCT_hybrid,0.6983244,27
CCCTCAGCATTCATCG_hybrid,0.6629319,8
CCCTGAGAGGAGGTCA_hybrid,0.70595974,49
CCCTGGTTCTAACTGG_hybrid,0.6658499,10
CCCTGGTTCTATCGTC_hybrid,0.70292574,39
CCCTGTTGTAATCCTA_hybrid,0.713271,62
CCCTTAACATCGCTGT_hybrid,0.70756656,54
CCCTTACGTGAGTATG_hybrid,0.87342274,65
CCCTTACGTTGTGCGC_hybrid,0.66518426,9
CCCTTGATCAGCTATG_hybrid,0.69943774,29
CCCTTGATCGACCAGT_hybrid,0.6422269,4
CCCTTGATCTAGTTGG_hybrid,0.7029897,39
CCCTTTAGTCTAACGT_hybrid,0.69680816,25
CCGAAATCATCCCGTG_hybrid,0.6429989,4
CCGAACTAGCAGGGAC_hybrid,0.702491,37
CCGAATGCATCCACAC_hybrid,0.9553004,66
CCGACATAGAACCTAT_hybrid,0.70533746,47
CCGACATAGGCTTCCC_hybrid,0.039999586,0
CCGACCAAGCATTGAT_hybrid,0.6107039,3
CCGACCTTCCCAGGTG_hybrid,0.034975987,0
CCGACCTTCTTGACTC_hybrid,0.69638044,25
CCGACTAGTTCACCAG_hybrid,0.6971193,26
CCGACTAGTTGAGCGG_hybrid,0.6825826,17
CCGATTAAGCTAGGCT_hybrid,0.6994024,29
CCGATTAAGGGGACTA_hybrid,0.7045579,44
CCGCAAGTCGACCAGT_hybrid,0.6765897,15
CCGCATGAGGTGCAAG_hybrid,0.69552165,24
CCGCCAAAGTGAGTAA_hybrid,0.7026608,38
CCGCCATTCCATGAAT_hybrid,0.6771018,15
CCGCCTTAGATTCGTG_hybrid,0.7056933,48
CCGCCTTAGGATGATA_hybrid,0.6999551,31
CCGCGTTTCCAACTCT_hybrid,0.6636443,8
CCGCGTTTCGATGGAG_hybrid,0.6558828,5
CCGCTAGAGTGCCGAT_hybrid,0.65619975,5
CCGCTCACAACTTCCA_hybrid,0.70501363,45
CCGCTCACACATTGAA_hybrid,0.7046425,44
CCGCTCACATAAGTCA_hybrid,0.701026,33
CCGCTTGCAAACCATA_hybrid,0.6976863,26
CCGGAACCAATCGGGC_hybrid,0.70011216,31
CCGGAACCATGGTGAT_hybrid,0.6943696,22
CCGGATTAGTGCCCAG_hybrid,0.67740107,15
CCGGCATGTCTAACCG_hybrid,0.70566165,48
CCGGCTAAGCATAGTT_hybrid,0.707235,53
CCGGCTAAGTAGCAGG_hybrid,0.795485,64
CCGGGTTGTTTGGGAA_hybrid,0.6946395,23
CCGGTACGTGGAGCTG_hybrid,0.71345896,62
CCGGTCAAGCGATGGA_hybrid,0.68914276,19
CCGGTCAAGCTGGTTA_hybrid,0.7050636,46
CCGTAAATCGCTCCGT_hybrid,0.67163235,13
CCGTAACAGCCTAGAC_hybrid,0.7073875,53
CCGTAACAGGAGGACC_hybrid,0.71200585,61
CCGTACCTCCTCACTG_hybrid,0.6975697,26
CCGTAGTAGTCGAACC_hybrid,0.6914446,20
CCGTATGGTAAGCTGA_hybrid,0.7039538,42
CCGTCAAGTAAGCTAG_hybrid,0.7076455,54
CCGTCATCATAAGCGT_hybrid,0.70792747,55
CCGTCATCATTAGTTC_hybrid,0.7031592,39
CCGTCCACAACCAAGT_hybrid,0.6752334,14
CCGTCTATCCTGATCT_hybrid,0.69313407,21
CCGTGATAGCTGGAGA_hybrid,0.69492924,23
CCGTGATAGTAAGCAA_hybrid,0.68185943,17
CCGTGTTCAGCTACTC_hybrid,0.7070449,52
CCGTTCATCCACCGGA_hybrid,0.7067363,51
CCGTTCATCTGTGCCC_hybrid,0.7073535,53
CCGTTCGCAAACCGTG_hybrid,0.71013933,59
CCGTTGGAGCTGGGAA_hybrid,0.7112151,60
CCTAACCCAACATCAA_hybrid,0.8253176,64
CCTAACCCAAGTGCGC_hybrid,0.70263344,38
CCTAACTTCTCATTGC_hybrid,0.70193785,36
CCTACAGGTCCATCCT_hybrid,0.6975988,26
CCTACAGGTTGCATAC_hybrid,0.70458126,44
CCTACCATCACTGGTA_hybrid,0.6864705,18
CCTACCATCCCTTGAT_hybrid,0.69960314,30
CCTACCATCGATTGCA_hybrid,0.6569982,6
CCTACCGCATGGCTGA_hybrid,0.9094408,65
CCTACGAGTTAGGCCC_hybrid,0.7136495,62
CCTACGGAGGTTGGTC_hybrid,0.70725507,53
CCTACGGAGTGAGATA_hybrid,0.6642656,9
CCTAGCCTCGATCACA_hybrid,0.70850974,56
CCTAGCCTCTATCTCA_hybrid,0.6693845,12
CCTAGCGAGAATCAGA_hybrid,0.6491191,4
CCTAGCGAGGTTACTG_hybrid,0.7051821,46
CCTAGCTCACTTACTG_hybrid,0.7065931,50
CCTAGCTCATAACTGA_hybrid,0.035715394,0
CCTAGCTCATCATCAT_hybrid,0.71122694,60
CCTAGGTAGCGAATGG_hybrid,0.70637834,50
CCTAGTTTCCTCGATT_hybrid,0.707621,54
CCTAGTTTCGTTAAGT_hybrid,0.79071105,64
CCTAGTTTCTAGTAAC_hybrid,0.7058892,49
CCTAGTTTCTGGCCGA_hybrid,0.70516014,46
CCTATAGAGCGCTATA_hybrid,0.7045834,44
CCTATCACATTACCGC_hybrid,0.6781066,15
CCTATCCGTGGGTAGT_hybrid,0.66180915,7
CCTATGGGTCTGTGAT_hybrid,0.66852325,11
CCTATGGGTGAGTATG_hybrid,0.6853967,18
CCTATGTTCAGCACTA_hybrid,0.7078878,54
CCTATGTTCATGGCGT_hybrid,0.70305645,39
CCTATGTTCGCTATGA_hybrid,0.61802346,3
CCTATTCAGGATCTGC_hybrid,0.7050055,45
CCTCAACCATCACGCT_hybrid,0.70847595,56
CCTCAAGGTGGCAGTG_hybrid,0.6623065,7
CCTCAAGGTTATCATG_hybrid,0.7116616,61
CCTCAATTCCATCCCA_hybrid,0.6986648,28
CCTCACGCACAGGCGT_hybrid,0.708446,56
CCTCAGCTCGTTACAG_hybrid,0.9134255,65
CCTCAGTCAAACTGGT_hybrid,0.84356517,64
CCTCAGTCAAATCTAG_hybrid,0.70726603,53
CCTCCAGCACAATGCG_hybrid,0.6998364,30
CCTCCAGCAGCTACGA_hybrid,0.050298188,1
CCTCCTAAGTGATGAA_hybrid,0.71535105,63
CCTCCTGGTCTAACTA_hybrid,0.6892769,19
CCTCCTGGTTCGAATC_hybrid,0.70541734,47
CCTCGAAGTCAGCTCA_hybrid,0.601408,2
CCTCGGTTCATGGCGT_hybrid,0.69491154,23
CCTCGTTGTTCGCGGT_hybrid,0.7122767,62
CCTCGTTGTTCGTCTC_hybrid,0.6922782,21
CCTCTCAAGAACGGTG_hybrid,0.6692995,12
CCTCTCAAGAATCAGA_hybrid,0.6512047,5
CCTCTCAAGGGGTCAA_hybrid,0.7075764,54
CCTCTCAAGTTGGTCA_hybrid,0.68361884,17
CCTCTGATCAATCCTC_hybrid,0.7092733,58
CCTCTTAGTTATGAGG_hybrid,0.70323163,40
CCTCTTGAGCGAGCAA_hybrid,0.70021194,31
CCTCTTGAGGTACCGT_hybrid,0.6489214,4
CCTGAATGTAATGAAC_hybrid,0.03553459,0
CCTGAATGTCATGTCG_hybrid,0.7008371,32
CCTGAATGTTAGGTGA_hybrid,0.7104598,59
CCTGAGTAGCAAGTGG_hybrid,0.7057797,48
CCTGATGGTCAGTAAG_hybrid,0.70330167,40
CCTGATTTCGTTGCTT_hybrid,0.69511294,23
CCTGCAAGTATAGCGA_hybrid,0.66358036,8
CCTGGTAGTCAAGGGT_hybrid,0.70376647,41
CCTGGTAGTCAAGTCT_hybrid,0.70061415,32
CCTGGTAGTGAGACGT_hybrid,0.70626205,50
CCTGGTGAGCCTTCCA_hybrid,0.6776654,15
CCTGGTGAGCGAACGA_hybrid,0.70508516,46
CCTGGTTCAATGAGCT_hybrid,0.6973064,26
CCTGTCGCATTAGCAA_hybrid,0.6943104,22
CCTGTGAGTAATGGTG_hybrid,0.7020441,36
CCTGTGAGTTGCTCTC_hybrid,0.9303025,66
CCTGTGGAGCATGGAG_hybrid,0.7067757,51
CCTGTTGTCCTGCGCT_hybrid,0.70017,31
CCTTAGAAGATAGTAG_hybrid,0.6990582,29
CCTTAGCCACTCATCA_hybrid,0.66809726,11
CCTTAGCCATTCGTTG_hybrid,0.6955153,24
CCTTATATCGCGCCTT_hybrid,0.66606367,10
CCTTCGATCAATTCGG_hybrid,0.70425016,43
CCTTCGATCCTCACAT_hybrid,0.7167881,63
CCTTGAGGTCAATGTC_hybrid,0.66539544,9
CCTTGAGGTTCATCGG_hybrid,0.6977698,26
CCTTGAGGTTGTCACG_hybrid,0.70077217,32
CCTTGCATCCTGTCCA_hybrid,0.6906375,20
CCTTGCATCGCTTCGC_hybrid,0.70314264,39
CCTTGGGAGCGGTAGA_hybrid,0.66162735,7
CCTTGGGAGGTGCTGT_hybrid,0.6961613,24
CCTTGGGAGTAATTGC_hybrid,0.6710327,13
CCTTGGTCAGTACCCT_hybrid,0.69985,30
CCTTGGTCATCATATC_hybrid,0.7045119,44
CCTTTAGCACATGAGT_hybrid,0.14196695,1
CCTTTAGCACTATCAT_hybrid,0.7030632,39
CCTTTCAGTAATCAGG_hybrid,0.71414447,63
CGAACGAAGCCTACCC_hybrid,0.6869619,19
CGAACGAAGCTATCCT_hybrid,0.39516386,1
CGAACGGGTAACTGTC_hybrid,0.71290445,62
CGAACGGGTAGTTGGA_hybrid,0.7072416,53
CGAAGGATCCCAGACG_hybrid,0.7032262,40
CGAAGGATCCTCTCTC_hybrid,0.70170546,35
CGAAGGATCGCGATAC_hybrid,0.6969545,25
CGAAGTGAGCCTACCC_hybrid,0.7041057,43
CGAAGTGAGGAGGCTA_hybrid,0.6790347,16
CGAATCATCCACCTCA_hybrid,0.70147353,34
CGAATTTAGTTGCATG_hybrid,0.7108768,60
CGACAATCACAACTAA_hybrid,0.7014807,34
CGACACTAGCATGTAT_hybrid,0.7051793,46
CGACACTAGCGCGATT_hybrid,0.70044905,32
CGACACTAGGGTTGCT_hybrid,0.7032869,40
CGACCAACAGTAATTG_hybrid,0.7011269,33
CGACCCTTCACTCGAA_hybrid,0.6873929,19
CGACGTTAGCCGCAAT_hybrid,0.7049753,45
CGACTAATCAGCGGTT_hybrid,0.7037843,41
CGACTAATCAGGAGAT_hybrid,0.7046579,44
CGACTATGTAGCTCGC_hybrid,0.7084821,56
CGACTGACAGCATGTG_hybrid,0.70929587,58
CGACTTGGTGGACATA_hybrid,0.70672005,51
CGAGCAGGTTCGATAC_hybrid,0.70561534,48
CGAGCCATCACATTGG_hybrid,0.9579707,66
CGAGCCATCCAACTAG_hybrid,0.7157037,63
CGAGCCATCCGTGCTC_hybrid,0.6990362,29
CGAGCCATCGTAGTAT_hybrid,0.70738965,53
CGAGCCTGTGGGTTGG_hybrid,0.7001945,31
CGAGCGAGTGAAGCTA_hybrid,0.6686154,12
CGAGGATGTCTGGTCA_hybrid,0.7007033,32
CGAGGGTAGGTACGAG_hybrid,0.6596947,6
CGAGGGTAGGTATGGG_hybrid,0.70216686,36
CGAGGGTAGTCAGGGA_hybrid,0.7016692,35
CGAGTAAGTGGCTGAG_hybrid,0.7050936,46
CGAGTCACAGGAAGTA_hybrid,0.70053744,32
CGAGTCACATGCTGCT_hybrid,0.70577294,48
CGAGTCCGTCAAGCGG_hybrid,0.69998187,31
CGAGTCCGTCAAGTGA_hybrid,0.7153378,63
CGAGTGAAGGATCTAT_hybrid,0.6953679,23
CGATAACCAACGGTAT_hybrid,0.57009345,2
CGATAACCAACTAGGT_hybrid,0.87748945,65
CGATAAGGTTGGTCTG_hybrid,0.70497155,45
CGATAGCTCCCAGGTG_hybrid,0.7026773,38
CGATAGCTCGACCGCA_hybrid,0.6612345,7
CGATAGTCAAAGGGAC_hybrid,0.70314455,39
CGATAGTCAGGCATAT_hybrid,0.6624689,7
CGATCAATCATCTGTC_hybrid,0.7043845,43
CGATCAGCAGGATTAC_hybrid,0.9317422,66
CGATCCCTCACTCTAC_hybrid,0.66150236,7
CGATCCCTCAGTTCGA_hybrid,0.676791,15
CGATCCTCACTCAGGA_hybrid,0.7072275,53
CGATCCTCACTCGGTT_hybrid,0.7000569,31
CGATCCTCAGCAGGAG_hybrid,0.6735489,14
CGATCCTCAGGCAGGA_hybrid,0.7085494,56
CGATCCTCATCGACTC_hybrid,0.7052158,46
CGATCCTCATGACACG_hybrid,0.7106532,60
CGATCTAAGCATGGAG_hybrid,0.6588959,6
CGATCTAAGTGCTCAA_hybrid,0.7062389,49
CGATGAGAGCGAACCT_hybrid,0.66439605,9
CGATGAGAGCGATGGA_hybrid,0.69877654,28
CGATGAGAGTTGGATT_hybrid,0.69800794,27
CGATGGGGTAACTCTA_hybrid,0.70084596,32
CGATGGGGTGCGTGGA_hybrid,0.6898222,20
CGATGGTTCCTGACTT_hybrid,0.69933975,29
CGATGGTTCTGGGACT_hybrid,0.70437443,43
CGATGTCAGCCTGAGT_hybrid,0.67985725,16
CGATGTCAGCTGGGTT_hybrid,0.7047093,44
CGATGTCAGGTATCTG_hybrid,0.69308555,21
CGATGTCAGTGCTGGT_hybrid,0.68325186,17
CGATGTTGTCCATCAG_hybrid,0.70843863,56
CGATGTTGTGCACGAG_hybrid,0.6837213,17
CGATTAGTCCATCATC_hybrid,0.694289,22
CGATTATAGCTATGCA_hybrid,0.70513046,46
CGATTCAAGGTCACAC_hybrid,0.7058297,48
CGATTCCCAGGTTCCT_hybrid,0.70661354,51
CGATTCCCATCACTAT_hybrid,0.69419336,22
CGATTTAGTGGCGTGA_hybrid,0.7064133,50
CGATTTAGTTTACAGC_hybrid,0.7052504,46
CGATTTGAGCGGATGA_hybrid,0.6980328,27
CGCAAATCACAAGGCC_hybrid,0.6979085,27
CGCAATATCAATGTAC_hybrid,0.7036327,41
CGCAATATCGAGTCCG_hybrid,0.70701367,52
CGCAATTGTAGGCTGG_hybrid,0.024076791,0
CGCAATTGTTCACCTC_hybrid,0.69715893,26
CGCAATTGTTTAGGTC_hybrid,0.6820241,17
CGCACAACACCAGCTT_hybrid,0.706141,49
CGCACGATCCACCATT_hybrid,0.7006674,32
CGCACGATCGACCGAT_hybrid,0.7070106,52
CGCACGATCGTTCACT_hybrid,0.84589344,64
CGCACTTCAAACCGCA_hybrid,0.9111556,65
CGCACTTCAACATTAG_hybrid,0.556029,2
CGCAGCTGTCAGGGCA_hybrid,0.70750487,54
CGCAGGTCATCCTAAT_hybrid,0.70881873,57
CGCAGTTAGTTGCGTA_hybrid,0.6969036,25
CGCATAATCACCATTC_hybrid,0.71107435,60
CGCATCCTCCAATTCC_hybrid,0.7046799,44
CGCATCTCAAGTATCA_hybrid,0.7097728,59
CGCATCTCAGCTACGA_hybrid,0.5905418,2
CGCATGGTCGTTCCTG_hybrid,0.70633847,50
CGCATGGTCTTGAGGC_hybrid,0.6674162,11
CGCATTCCAACATTGA_hybrid,0.71504986,63
CGCCAAGTCAGGCTCG_hybrid,0.7059723,49
CGCCAATAGGCGCTAT_hybrid,0.6811044,16
CGCCAATAGTAGCGAG_hybrid,0.6987746,28
CGCCACAAGCAATCCA_hybrid,0.700856,32
CGCCACAAGCGCCTGA_hybrid,0.6815457,17
CGCCACTTCCTGCATT_hybrid,0.7043508,43
CGCCACTTCTCACTGT_hybrid,0.6502385,4
CGCCATGAGAAGGGTT_hybrid,0.69968075,30
CGCCCATTCACCCTTG_hybrid,0.70141935,34
CGCCCATTCGCTCGCT_hybrid,0.7073048,53
CGCCCATTCTTGAACG_hybrid,0.66385293,8
CGCCCTTAGTCGAGTC_hybrid,0.76288885,64
CGCCTAAGTTCAAGCT_hybrid,0.7109042,60
CGCCTCACACTCGGTT_hybrid,0.7069713,52
CGCCTGAAGCCCTGTC_hybrid,0.7082159,55
CGCCTGAAGGATCCAC_hybrid,0.7069952,52
CGCCTTGCATAACTCT_hybrid,0.67296964,13
CGCGAACCACATTCCA_hybrid,0.7099691,59
CGCGATTAGGATGTAA_hybrid,0.49939305,1
CGCGCATGTAAGGTGC_hybrid,0.7054163,47
CGCGGTTGTATTAGCC_hybrid,0.70343256,40
CGCGTACGTGAGGTAC_hybrid,0.7055366,47
CGCGTCAAGGTTCAGC_hybrid,0.7023113,37
CGCGTTAGTAAGTCCT_hybrid,0.7116979,61
CGCTAACAGCTAACGC_hybrid,0.7097777,59
CGCTAATGTTATCTGA_hybrid,0.70403624,42
CGCTACCTCATGCGGT_hybrid,0.7033956,40
CGCTACTCATAAGTCA_hybrid,0.7007527,32
CGCTATGGTTCTGGAT_hybrid,0.70206976,36
CGCTCATCACTCATGC_hybrid,0.054089643,1
CGCTCCACAACTCGTC_hybrid,0.7036541,41
CGCTCCACAAGGGTAA_hybrid,0.6848718,18
CGCTGATAGTCAGGGA_hybrid,0.7022208,36
CGCTGCAAGGTGGAAT_hybrid,0.6606677,7
CGCTGCTTCATCTGGA_hybrid,0.7072487,53
CGCTGTTCATAACGGT_hybrid,0.67969745,16
CGCTGTTCATGGTGAT_hybrid,0.7031286,39
CGCTTCATCAGCCATA_hybrid,0.66732645,11
CGCTTCATCGACTAAT_hybrid,0.67765325,15
CGGACAGGTAAGGTGC_hybrid,0.6954681,24
CGGACAGGTGAGTCGG_hybrid,0.6770119,15
CGGACAGGTTTAGTCA_hybrid,0.65048593,4
CGGACATTCCTGTCTG_hybrid,0.7121457,62
CGGACTTAGCCAGACT_hybrid,0.7047414,45
CGGACTTAGCCTGATA_hybrid,0.7021004,36
CGGACTTAGGTTGCCG_hybrid,0.65993315,6
CGGATAAGTAGTTGCT_hybrid,0.71390766,63
CGGATTCAGCCAACCG_hybrid,0.7025488,37
CGGATTCAGGCGCTAT_hybrid,0.701535,34
CGGATTCAGTGCAACC_hybrid,0.7114535,61
CGGCATTAGCCGACTG_hybrid,0.66129446,7
CGGCCAATCACTAACG_hybrid,0.6971871,26
CGGCCTAAGTCGCATA_hybrid,0.6630132,8
CGGCCTAAGTGCAATT_hybrid,0.70279896,38
CGGCCTAAGTGGCCTG_hybrid,0.70629084,50
CGGCTAACATGATCGG_hybrid,0.6949822,23
CGGCTAGTCAGGAGTG_hybrid,0.69885004,28
CGGCTTAGTAGTCCAT_hybrid,0.6929253,21
CGGCTTAGTCAATGTC_hybrid,0.6978468,27
CGGCTTAGTCTAATCA_hybrid,0.70287937,38
CGGGACTCACATTGGG_hybrid,0.7077103,54
CGGGACTCACTTGACC_hybrid,0.69268453,21
CGGGCAAGTTTACACA_hybrid,0.70746005,53
CGGGCTATCCATGTGA_hybrid,0.67435616,14
CGGGCTATCGATTGAT_hybrid,0.71136934,61
CGGGCTTGTCAGCGAG_hybrid,0.67017007,12
CGGGGAACAGCAGGGA_hybrid,0.7104945,60
CGGGGATAGGCTTGGT_hybrid,0.7015518,34
CGGGTAGGTTTAGGTC_hybrid,0.88541126,65
CGGGTCATCATAGAGA_hybrid,0.6582687,6
CGGGTCATCCATGTGA_hybrid,0.696878,25
CGGGTGAGTAATGCAG_hybrid,0.6663598,10
CGGGTTACAGTTGGAT_hybrid,0.66368693,8
CGGGTTTAGTGAACGG_hybrid,0.6675994,11
CGGTAAAGTCTGTGTG_hybrid,0.70341724,40
CGGTAAAGTGAAGCTA_hybrid,0.6651381,9
CGGTAAAGTGCGGCTT_hybrid,0.7069116,52
CGGTAAAGTTCACTAA_hybrid,0.88251305,65
CGGTAATCAACATGAC_hybrid,0.69451565,23
CGGTAATCAATGGAGA_hybrid,0.6120323,3
CGGTATATCTCATCTA_hybrid,0.7070026,52
CGGTCAACACATACGG_hybrid,0.9275924,66
CGGTGAAAGAAGGATC_hybrid,0.7025969,37
CGGTGAAAGCCTAAGC_hybrid,0.6536241,5
CGGTGAGGTCATCAGT_hybrid,0.66890085,12
CGGTGAGGTCATTACA_hybrid,0.7034541,40
CGGTGAGGTCATTCAA_hybrid,0.6583222,6
CGGTGAGGTGGAAGGA_hybrid,0.7009733,33
CGGTGAGGTTCCAGAT_hybrid,0.6617591,7
CGGTGCATCACATGAT_hybrid,0.70572335,48
CGGTGCATCGTAGTTG_hybrid,0.7003376,31
CGGTGTTAGCGCGATT_hybrid,0.7007125,32
CGGTGTTAGGGTACGA_hybrid,0.057661124,1
CGGTGTTAGGTACGGA_hybrid,0.6970567,26
CGGTTAATCCATGTGA_hybrid,0.6928415,21
CGGTTATGTAAGCGTA_hybrid,0.6968247,25
CGGTTATGTGGAGAGA_hybrid,0.7027068,38
CGGTTATGTGGCAGCA_hybrid,0.70094776,33
CGGTTCCTCACTCCTG_hybrid,0.7018803,35
CGGTTCCTCAGCCCAG_hybrid,0.70043534,32
CGGTTCCTCCCAGACG_hybrid,0.7067699,51
CGGTTCCTCCTCACGC_hybrid,0.700264,31
CGGTTCTCACAGGATT_hybrid,0.70162976,34
CGGTTCTCACATTCGC_hybrid,0.67176473,13
CGGTTCTCAGCTCAAG_hybrid,0.6903876,20
CGGTTTGGTCAATCCG_hybrid,0.65646166,5
CGGTTTGGTCAGCTCA_hybrid,0.7065907,50
CGGTTTGGTCAGTCGC_hybrid,0.71024483,59
CGGTTTGGTGGGTCGA_hybrid,0.63832366,3
CGTAAACCAGGACATT_hybrid,0.60506004,3
CGTAAAGGTGATCCCA_hybrid,0.70172065,35
CGTAAATTCCAGCACG_hybrid,0.70852494,56
CGTAAATTCGTACACA_hybrid,0.71173126,61
CGTAACATCAGCTCGG_hybrid,0.86486065,64
CGTAATGTCCCATTCG_hybrid,0.70076245,32
CGTAATTAGCCAGGAA_hybrid,0.66605663,10
CGTAATTAGCCTTCGC_hybrid,0.7013989,34
CGTAATTAGGAGGCTA_hybrid,0.685935,18
CGTACCCTCACGTACA_hybrid,0.7014959,34
CGTACCTCAACCGCTT_hybrid,0.7013931,34
CGTACCTCAAGCGCGT_hybrid,0.6990792,29
CGTACCTCACAATGAC_hybrid,0.7023754,37
CGTACCTCACCACATC_hybrid,0.05613253,1
CGTACCTCATAACGGT_hybrid,0.70674443,51
CGTACGTAGGATGCCT_hybrid,0.7098184,59
CGTAGGGGTCCCGTAA_hybrid,0.67095697,13
CGTAGGGGTCTAGGAA_hybrid,0.6594086,6
CGTAGTTGTTGAGGAC_hybrid,0.7085648,56
CGTATATAGGCACTGT_hybrid,0.6995369,30
CGTATCCCAGGATTAC_hybrid,0.7118683,61
CGTATGATCATGGTCA_hybrid,0.49504116,1
CGTATTGAGGCGAGTA_hybrid,0.71127087,61
CGTCAAATCTGGGATC_hybrid,0.7040892,42
CGTCACCTCACTCTGT_hybrid,0.69619364,24
CGTCACCTCATGTCGA_hybrid,0.69875336,28
CGTCATCCAAACCATA_hybrid,0.6990619,29
CGTCATCCACTCAGGA_hybrid,0.7092338,58
CGTCATTTCCCGTGAG_hybrid,0.8692998,65
CGTCATTTCTCACACT_hybrid,0.7097626,59
CGTCCATCACCATGAG_hybrid,0.70707315,52
CGTCCCACAGGTTCAG_hybrid,0.7092953,58
CGTCCGTTCATGCAAT_hybrid,0.7017595,35
CGTCCTCAGGATGACG_hybrid,0.69878083,28
CGTCCTTGTTTCGAGT_hybrid,0.7012716,34
CGTCGTAGTAGTTACC_hybrid,0.7064574,50
CGTCGTAGTTCCAGCA_hybrid,0.70437443,43
CGTCGTAGTTGGAGTA_hybrid,0.05333621,1
CGTCGTTCAGGGCAGA_hybrid,0.67748463,15
CGTCTATTCGACTGGT_hybrid,0.6991291,29
CGTCTATTCTAACTCC_hybrid,0.70294696,39
CGTCTATTCTTGAACG_hybrid,0.7087381,56
CGTCTCATCAGGTGAG_hybrid,0.7097478,58
CGTCTTGTCCCTCAAT_hybrid,0.7060352,49
CGTGAAAGTAAGTCGA_hybrid,0.6915332,20
CGTGAGAAGCAACCGT_hybrid,0.7108747,60
CGTGAGAAGTTGCTTC_hybrid,0.66413957,9
CGTGAGGGTAATGCCT_hybrid,0.71597046,63
CGTGATTGTGGCCAGA_hybrid,0.7042156,43
CGTGCAACAAGTTCCC_hybrid,0.710223,59
CGTGCTAGTAGTGCGG_hybrid,0.7021913,36
CGTGGCTGTGAAGCGT_hybrid,0.63495624,3
CGTGGCTGTTGCGAGG_hybrid,0.7032414,40
CGTGGGTCATCGACAG_hybrid,0.7088475,57
CGTGGTTAGGTTCCAA_hybrid,0.7035507,41
CGTGTATGTAGTCCCA_hybrid,0.7001634,31
CGTGTATGTGACGACG_hybrid,0.65705276,6
CGTGTCAGTCAAGGAC_hybrid,0.70473814,45
CGTGTTAAGGATCTCA_hybrid,0.70789444,54
CGTGTTAAGGTGACGA_hybrid,0.6894262,19
CGTGTTAAGGTGGACA_hybrid,0.703194,39
CGTGTTGGTAATCGAG_hybrid,0.6967988,25
CGTGTTGGTATGGTGA_hybrid,0.6798489,16
CGTTAATAGGGGATAT_hybrid,0.70259213,37
CGTTACAAGCATCCTT_hybrid,0.64837146,4
CGTTACTTCACACACA_hybrid,0.68407744,18
CGTTATAGTGAAGTAT_hybrid,0.6864509,18
CGTTATAGTTCCTGCT_hybrid,0.7002764,31
CGTTATAGTTGCAGTT_hybrid,0.70489603,45
CGTTCACCACCATGAG_hybrid,0.66522515,9
CGTTCATTCACCTACT_hybrid,0.7042614,43
CGTTCCTGTCAGTCCA_hybrid,0.71003765,59
CGTTCCTGTTCACCGA_hybrid,0.70172364,35
CGTTGAATCAGGCTTA_hybrid,0.70561373,48
CGTTGAATCATCACCT_hybrid,0.66448927,9
CGTTGAATCCGCAGTG_hybrid,0.7045147,44
CGTTGAATCTAGATAC_hybrid,0.70830315,55
CGTTGGACAAGTGTCG_hybrid,0.68836963,19
CGTTGGACACATTCGC_hybrid,0.7079626,55
CGTTGGACAGGTTCAG_hybrid,0.6550449,5
CGTTGGACATCCGGTT_hybrid,0.71507895,63
CGTTTCACAACGGCAC_hybrid,0.08476459,1
CGTTTCACAATCCTCA_hybrid,0.71679664,63
CGTTTCCGTTCAAGCT_hybrid,0.66853696,12
CGTTTGAAGTAGTAGA_hybrid,0.7005343,32
CGTTTGGGTAAGGGTC_hybrid,0.66173947,7
CTAAACCGTTGCTCGA_hybrid,0.70426744,43
CTAAACTAGCGCCAAT_hybrid,0.7063237,50
CTAAAGCCAGGTAGTT_hybrid,0.67799103,15
CTAAATGCAAACCAAC_hybrid,0.70400554,42
CTAACATAGTTGCTCT_hybrid,0.6997678,30
CTAACCAAGGATAGTA_hybrid,0.6954587,24
CTAACCAAGTTGCCTT_hybrid,0.7129542,62
CTAACCTTCAGGGATG_hybrid,0.7074834,53
CTAACCTTCATCTGGA_hybrid,0.62589115,3
CTAACCTTCCGCGACA_hybrid,0.68555266,18
CTAACCTTCTGTGAAT_hybrid,0.66206783,7
CTAACGATCACATAGT_hybrid,0.7031433,39
CTAACGATCTCATTGC_hybrid,0.6559831,5
CTAAGCATCATCTGGA_hybrid,0.7055188,47
CTAAGCCAGCCTGATA_hybrid,0.6999494,31
CTAAGGCTCCTCTATA_hybrid,0.7082842,55
CTAAGGGAGCCAGTGT_hybrid,0.66027963,7
CTAAGGGAGGATGATA_hybrid,0.6892412,19
CTAATCCTCATATCGG_hybrid,0.7063507,50
CTAATCCTCCTCATAC_hybrid,0.6424808,4
CTAATGGTCGAATCTG_hybrid,0.68543327,18
CTAATTGGTATGGATG_hybrid,0.9437672,66
CTAATTGGTTATGGGA_hybrid,0.7073016,53
CTACACAAGATTGACT_hybrid,0.69933593,29
CTACACAAGCGCCAAT_hybrid,0.62980336,3
CTACACAAGGGGACTA_hybrid,0.043905683,0
CTACAGGCAAACCTAA_hybrid,0.64967823,4
CTACATAGTGCGCAAG_hybrid,0.7030962,39
CTACATAGTTGCACCA_hybrid,0.5937796,2
CTACATAGTTGCTCCT_hybrid,0.69780827,27
CTACCAAAGGCTCAGT_hybrid,0.70719796,53
CTACCAAAGGGGTCAA_hybrid,0.93190926,66
CTACCCGCAATGTATG_hybrid,0.64922404,4
CTACCCGCACAAGGTT_hybrid,0.96367645,66
CTACCCGCATGACCAG_hybrid,0.93638486,66
CTACCGCTCACAGATT_hybrid,0.69508094,23
CTACGAATCAGCTCGG_hybrid,0.6792719,16
CTACGAATCCTGACCC_hybrid,0.69540304,23
CTACGCCTCCTGATCT_hybrid,0.7018613,35
CTACGGGTCTGGAACC_hybrid,0.6696571,12
CTACGTAAGCCTCTGC_hybrid,0.7123688,62
CTACGTTTCAAGTTAC_hybrid,0.69496965,23
CTACGTTTCAGCAATT_hybrid,0.6899187,20
CTACTCACAAGTTAGC_hybrid,0.7011097,33
CTACTCCGTGGGTCGA_hybrid,0.6992381,29
CTACTTATCATGCGTA_hybrid,0.7052772,46
CTACTTATCATGGTCA_hybrid,0.6986166,28
CTACTTGCAAACCGAT_hybrid,0.68004256,16
CTACTTGCATCATACT_hybrid,0.60414904,3
CTAGAAGGTTGGTTAC_hybrid,0.6862079,18
CTAGAAGGTTGTCTGG_hybrid,0.709748,58
CTAGCCAGTGATGGGT_hybrid,0.67477584,14
CTAGCCAGTTCGCAAT_hybrid,0.70554745,47
CTAGCCTCAACTACCC_hybrid,0.70439774,44
CTAGCCTCAGGTTCGA_hybrid,0.6936654,22
CTAGCGCGTCATGTGT_hybrid,0.6709159,13
CTAGCTGGTCAACCCA_hybrid,0.69163066,20
CTAGGTCAGCATCCTT_hybrid,0.70984966,59
CTAGGTTGTTAGAGGC_hybrid,0.70615983,49
CTAGTAACAAGTAGAG_hybrid,0.7004907,32
CTAGTAACAAGTGTCG_hybrid,0.6975532,26
CTAGTATAGGATTGCC_hybrid,0.6877503,19
CTAGTTGAGCTACGCG_hybrid,0.70383394,42
CTAGTTGAGGGTGAAT_hybrid,0.7077005,54
CTATAGGTCATCGAGC_hybrid,0.6765129,15
CTATATGGTCTAACCG_hybrid,0.7028365,38
CTATATGGTGCGTGAG_hybrid,0.7021444,36
CTATATGGTTGTCTAA_hybrid,0.6769955,15
CTATCAAGTAATGAAC_hybrid,0.70619226,49
CTATCATCATAGAGTC_hybrid,0.66467375,9
CTATCGTTCGCTTGCC_hybrid,0.712793,62
CTATGCAAGCTACTCT_hybrid,0.5785247,2
CTATGCTTCACATACG_hybrid,0.71150607,61
CTATGGGCAAACCGCA_hybrid,0.71021813,59
CTATTCATCCCGTTGC_hybrid,0.6988202,28
CTATTCGCACCAGGGT_hybrid,0.6568684,6
CTATTCGCAGGCTAAT_hybrid,0.66402596,8
CTCAAAGTCACTGGTA_hybrid,0.70384777,42
CTCAAAGTCATGCCGG_hybrid,0.6859805,18
CTCAAAGTCGAGTGTC_hybrid,0.70683324,51
CTCAACGGTCAACTCG_hybrid,0.7030735,39
CTCAACGGTTACACGT_hybrid,0.7007845,32
CTCAACGGTTGGCTGC_hybrid,0.95338845,66
CTCAACTTCACGGCTG_hybrid,0.71870166,63
CTCAACTTCCGCGTAG_hybrid,0.6661228,10
CTCAATAGTTCTGTAA_hybrid,0.6940949,22
CTCACATTCACACAGC_hybrid,0.71308,62
CTCACCATCAGCAGAG_hybrid,0.6641406,9
CTCACCTGTAACTGCT_hybrid,0.7065639,50
CTCAGCTCAGCAGTTG_hybrid,0.053684413,1
CTCAGTAAGCCAGTAC_hybrid,0.69471294,23
CTCAGTTTCACACAGC_hybrid,0.71427816,63
CTCAGTTTCTATGGAT_hybrid,0.7005513,32
CTCATAAGTAGCGGTG_hybrid,0.705172,46
CTCATAAGTTAAGCTC_hybrid,0.6955661,24
CTCATCACAAATCGTA_hybrid,0.7059865,49
CTCATCACACTCGCTG_hybrid,0.699816,30
CTCATCACACTTACTG_hybrid,0.6497939,4
CTCATCACATGTCGGA_hybrid,0.6969521,25
CTCATCACATTGGCAG_hybrid,0.7103148,59
CTCATCCGTGAAGTAT_hybrid,0.70764554,54
CTCATGAAGCCTAGCG_hybrid,0.704426,44
CTCATGGGTGAAGCTA_hybrid,0.89220864,65
CTCATTATCGCGCAAT_hybrid,0.66683185,11
CTCATTGCACCTGTCG_hybrid,0.699152,29
CTCCAAGGTTGGTTCG_hybrid,0.7051587,46
CTCCAATTCATGGTAT_hybrid,0.85637337,64
CTCCAGCTCCATCCGC_hybrid,0.70127267,34
CTCCAGCTCCATCTAC_hybrid,0.6703487,12
CTCCAGCTCGATACTG_hybrid,0.706653,51
CTCCATTAGGTACGTC_hybrid,0.64357215,4
CTCCATTAGTGTCAAT_hybrid,0.70746785,53
CTCCCTAAGATTGAGA_hybrid,0.715728,63
CTCCCTAAGCCATAGC_hybrid,0.6883928,19
CTCCCTAAGTCATAGT_hybrid,0.7138552,63
CTCCCTGGTGGCCAGA_hybrid,0.7041642,43
CTCCGTTGTTTGGAAG_hybrid,0.8713017,65
CTCCTAGTCCTCTAAC_hybrid,0.6665636,10
CTCCTCAAGTGCTGGT_hybrid,0.70492417,45
CTCCTGATCTTGAGTG_hybrid,0.7002832,31
CTCGAACAGCTGGCTG_hybrid,0.6491353,4
CTCGAATGTAAGTCTC_hybrid,0.70607674,49
CTCGAATGTCAGGATA_hybrid,0.70339376,40
CTCGAATGTTGGAATG_hybrid,0.67534244,14
CTCGCGAAGCGCTATA_hybrid,0.6989953,29
CTCGGCAAGATTGGCC_hybrid,0.6316491,3
CTCGGCAAGCGCCTCT_hybrid,0.69482845,23
CTCGGTTCAAGTCCTC_hybrid,0.7063446,50
CTCGGTTCACAGCCAA_hybrid,0.6997444,30
CTCGGTTCACATTCAT_hybrid,0.70618004,49
CTCGGTTCAGCACGGT_hybrid,0.67040384,12
CTCGTAGGTTCTGTGG_hybrid,0.695926,24
CTCGTCTGTGATGATG_hybrid,0.7046953,44
CTCGTCTGTGCGTGTC_hybrid,0.71210915,62
CTCGTCTGTTATATCG_hybrid,0.6994586,29
CTCGTGAGTCATTCGG_hybrid,0.6975611,26
CTCGTGAGTTGCACGC_hybrid,0.70858103,56
CTCGTTACATGCTCAC_hybrid,0.70648956,50
CTCGTTGTCGCGTTAA_hybrid,0.6924481,21
CTCGTTGTCTATGCGA_hybrid,0.67182165,13
CTCTAATCAATCTCCA_hybrid,0.6995009,29
CTCTAATCAATTCGGG_hybrid,0.6728759,13
CTCTAGAAGGATGTAA_hybrid,0.70706975,52
CTCTAGAAGGTACCCG_hybrid,0.705519,47
CTCTAGCCAATCGGCA_hybrid,0.6674557,11
CTCTAGCCATGCGGAC_hybrid,0.8681547,65
CTCTATATCGATGATT_hybrid,0.70234567,37
CTCTATTGTATGGTTC_hybrid,0.8746975,65
CTCTATTGTTGTGACT_hybrid,0.70768046,54
CTCTATTGTTTCGTCC_hybrid,0.70470244,44
CTCTCAACAATCGAAC_hybrid,0.66444653,9
CTCTCGATCATCTGGA_hybrid,0.66436404,9
CTCTCGATCGCGCTAG_hybrid,0.7070152,52
CTCTGACCATGGAACT_hybrid,0.6870895,19
CTCTGCATCCTGTGCC_hybrid,0.69871795,28
CTCTGCATCTATCCGT_hybrid,0.7079971,55
CTCTGGTCAACTACGG_hybrid,0.7034416,40
CTCTGTTAGCATGCAC_hybrid,0.69837564,27
CTCTGTTAGGTAGCCT_hybrid,0.67450905,14
CTCTTAATCACCTTAC_hybrid,0.7044239,44
CTCTTAATCCGTTACT_hybrid,0.7019582,36
CTCTTCTCAATCCCGT_hybrid,0.70745885,53
CTCTTCTCATGACTAA_hybrid,0.6724733,13
CTCTTGGTCAGGAGCA_hybrid,0.70460105,44
CTCTTGGTCCAGGTCG_hybrid,0.6989261,28
CTCTTGGTCCCGTTCA_hybrid,0.7112661,61
CTGAAAGGTAATCGAG_hybrid,0.6599861,6
CTGAAAGGTTAAGGAT_hybrid,0.6536789,5
CTGAACATCCGCGCAA_hybrid,0.7012672,34
CTGAACATCGCGATTA_hybrid,0.70706004,52
CTGAACATCTGTAACG_hybrid,0.70188534,35
CTGAATTAGTGAAGTA_hybrid,0.6424424,4
CTGACAATCAGTACCA_hybrid,0.684998,18
CTGACACAGCTTCCTG_hybrid,0.9109168,65
CTGACACAGGGCTTCG_hybrid,0.71101135,60
CTGACACAGTGGCTGT_hybrid,0.69513,23
CTGACCCTCCAGCCTC_hybrid,0.6650719,9
CTGACCTCACTAACTT_hybrid,0.70092595,33
CTGATAGTCACGCATA_hybrid,0.70461017,44
CTGATAGTCGAACCCG_hybrid,0.86483526,64
CTGATATAGATACTAC_hybrid,0.7043234,43
CTGATCAAGCCGATAC_hybrid,0.70187116,35
CTGATCAAGTGCCTGG_hybrid,0.9349242,66
CTGATTGAGCCACAGT_hybrid,0.6925652,21
CTGATTTCAGCACGTA_hybrid,0.6647485,9
CTGATTTCAGCATGGC_hybrid,0.6993819,29
CTGATTTCATAACTGA_hybrid,0.6937036,22
CTGCAAATCACGCTCC_hybrid,0.6714563,13
CTGCAAATCCAGAGGA_hybrid,0.6990785,29
CTGCAACAGGAATCGG_hybrid,0.69908595,29
CTGCAACAGGTGATGG_hybrid,0.7020147,36
CTGCAATGTAGCTCGC_hybrid,0.7079487,55
CTGCACCTCAGGCAGA_hybrid,0.7028456,38
CTGCACCTCCCCTTGA_hybrid,0.6758916,14
CTGCACCTCGATAGCC_hybrid,0.70103776,33
CTGCACCTCTTGAACG_hybrid,0.69025624,20
CTGCATCCATTACATC_hybrid,0.7044995,44
CTGCATGGTAAGCCAA_hybrid,0.66637397,10
CTGCATTTCGCGACTG_hybrid,0.70220745,36
CTGCCTATCACGCTAA_hybrid,0.91190296,65
CTGCCTATCATCTGGA_hybrid,0.68859994,19
CTGCCTGCACCATAGG_hybrid,0.70672125,51
CTGCGATAGGTTGATT_hybrid,0.6790692,16
CTGCGCAAGCATTGAT_hybrid,0.6656634,10
CTGCGGATCCGTGGAT_hybrid,0.6630316,8
CTGCGTAGTTAATCGC_hybrid,0.5715507,2
CTGCGTAGTTGGAGTA_hybrid,0.64722604,4
CTGCTCTGTCTGGCTA_hybrid,0.70549923,47
CTGCTGCTCACTCCAT_hybrid,0.7078387,54
CTGCTGCTCCAGCAGT_hybrid,0.71153456,61
CTGCTGCTCCATAGCA_hybrid,0.6970296,26
CTGCTTACAAGCACTG_hybrid,0.67782515,15
CTGCTTACAGGGCTTA_hybrid,0.7179961,63
CTGGAAAGTATTGGGA_hybrid,0.71166825,61
CTGGATGCAGCCATCT_hybrid,0.65071505,4
CTGGATGCATGGTCAG_hybrid,0.60550386,3
CTGGCAACACAGGACC_hybrid,0.03555555,0
CTGGCCAAGTGGCCTG_hybrid,0.69903165,29
CTGGCCAAGTTACACG_hybrid,0.70712173,52
CTGGCTAGTTTGAGGA_hybrid,0.69285834,21
CTGGGCATCGTAGTTG_hybrid,0.71207094,61
CTGGGTTAGATAGACA_hybrid,0.6530248,5
CTGGGTTAGGTAGAGT_hybrid,0.7051356,46
CTGGTAATCCCGCGTT_hybrid,0.70403785,42
CTGGTAATCGAAGTCC_hybrid,0.6767469,15
CTGGTTGGTTAAGGAT_hybrid,0.6991837,29
CTGTAACGTAATGACG_hybrid,0.6783873,15
CTGTAACGTTGAAGCA_hybrid,0.7044202,44
CTGTAATAGGGTCTGT_hybrid,0.6654596,9
CTGTAATAGTCATGGC_hybrid,0.67823863,15
CTGTAATAGTTAGAGA_hybrid,0.7054724,47
CTGTACCCAAACCGGC_hybrid,0.045612335,0
CTGTACCCAATACTGA_hybrid,0.704304,43
CTGTACCCAGTAAGGA_hybrid,0.6019251,2
CTGTACTTCACGCTCC_hybrid,0.69190025,21
CTGTCAAAGCATCCGG_hybrid,0.6950105,23
CTGTCAAAGCTTAGGC_hybrid,0.6761851,14
CTGTCAAAGGCTTACA_hybrid,0.70778704,54
CTGTCACCACATGACG_hybrid,0.6907645,20
CTGTCACCATCAATCT_hybrid,0.7116863,61
CTGTCATTCAGGAGTG_hybrid,0.705216,46
CTGTCATTCCTCTCCT_hybrid,0.7081472,55
CTGTCATTCTATGAAC_hybrid,0.71001804,59
CTGTCCATCGAATCTG_hybrid,0.7037929,42
CTGTCGCTCTGGAAGG_hybrid,0.705476,47
CTGTGAATCACTAGAT_hybrid,0.6822673,17
CTGTGAATCGAACCTA_hybrid,0.68022275,16
CTGTGATGTAGTGACA_hybrid,0.6247957,3
CTGTGGACAGCTATGG_hybrid,0.70363355,41
CTGTGGACATGAGCCA_hybrid,0.6996662,30
CTGTGTCCAACTTACT_hybrid,0.70625055,49
CTGTTAAGTTAGTGTC_hybrid,0.7013529,34
CTGTTAGAGCAGGCTT_hybrid,0.9472054,66
CTGTTCCGTAATGAGT_hybrid,0.703618,41
CTGTTCCGTTTAGCGT_hybrid,0.6687345,12
CTGTTGAAGCCACATA_hybrid,0.6570354,6
CTGTTGAAGCGGCATT_hybrid,0.7023413,37
CTGTTGAAGGTTCGTA_hybrid,0.929689,66
CTGTTGGGTTCACCAG_hybrid,0.6988672,28
CTTAACCTCCCTGATT_hybrid,0.668255,11
CTTAACCTCCGCCACT_hybrid,0.68540376,18
CTTAATCCACCTGCAT_hybrid,0.7064689,50
CTTACATCAATGAAGG_hybrid,0.70484966,45
CTTACGCCAACTAGGT_hybrid,0.695095,23
CTTACGCCAGGATACT_hybrid,0.66518605,9
CTTACGCCAGGCATTG_hybrid,0.71230626,62
CTTACGGGTTCGGTAT_hybrid,0.70526415,46
CTTACGTTCCACCGGA_hybrid,0.70278627,38
CTTACTTGTGATAGTG_hybrid,0.66694814,11
CTTAGCGGTCTAGCTG_hybrid,0.6765333,15
CTTAGCGGTGAGGTCG_hybrid,0.7027099,38
CTTAGGATCAGTTCGA_hybrid,0.6767409,15
CTTAGGATCCGTCAGG_hybrid,0.7069576,52
CTTAGTAGTGGCGAAT_hybrid,0.70085853,33
CTTATAGGTAGCGCGA_hybrid,0.69964623,30
CTTATGCTCATGCCAA_hybrid,0.7150676,63
CTTATGCTCCAATGCA_hybrid,0.7058895,49
CTTATGCTCCTTCCTC_hybrid,0.6344423,3
CTTATGGAGCCACGAT_hybrid,0.7058285,48
CTTCAATCAGCTACAG_hybrid,0.69482845,23
CTTCAGCCAGGTAGCC_hybrid,0.878227,65
CTTCATATCAGGGATG_hybrid,0.6990569,29
CTTCATATCATAGACT_hybrid,0.7027525,38
CTTCATTGTTAACGTC_hybrid,0.7155863,63
CTTCATTGTTATCATG_hybrid,0.037884556,0
CTTCGAGGTAGCGCGA_hybrid,0.052146565,1
CTTCGAGGTGAGAGCT_hybrid,0.6672963,11
CTTCGCGCAAACCGGC_hybrid,0.6580123,6
CTTCGCGCAAGGTTAC_hybrid,0.70852137,56
CTTCGGCTCCCGTTGC_hybrid,0.70570105,48
CTTCGGCTCCCTCGTA_hybrid,0.70400465,42
CTTCGGTCAACTAGCG_hybrid,0.67719215,15
CTTCGTTAGTAGTAAG_hybrid,0.68730444,19
CTTGAACGTAGGTACA_hybrid,0.7051926,46
CTTGAACGTGGCGCTT_hybrid,0.70539194,47
CTTGAACGTTCGTCCT_hybrid,0.7049557,45
CTTGACCCAATCAAGC_hybrid,0.6660881,10
CTTGACCCACCTAACC_hybrid,0.68492824,18
CTTGACCCAGGAACCC_hybrid,0.69863296,28
CTTGACTTCAGTATCG_hybrid,0.6988497,28
CTTGACTTCAGTGCTA_hybrid,0.925865,66
CTTGAGGCACATTCGC_hybrid,0.71022457,59
CTTGATAGTGGCTGTC_hybrid,0.67969877,16
CTTGATGAGTCGAAGG_hybrid,0.7049016,45
CTTGCAGGTGAAGTCA_hybrid,0.6945499,23
CTTGCCTGTATTAGGG_hybrid,0.7030752,39
CTTGCGGAGCCAGGAA_hybrid,0.6932877,21
CTTGGCCTCACCCTGC_hybrid,0.54488784,2
CTTGGCCTCAGTTAGT_hybrid,0.66553843,9
CTTGGCGAGCGCTTAA_hybrid,0.7058465,48
CTTGGCTCAAGCGTTG_hybrid,0.689628,20
CTTGGCTCATGAAGCT_hybrid,0.7023005,37
CTTGGGTAGGAGGCGT_hybrid,0.67765266,15
CTTGTAAGTAATGGTG_hybrid,0.67729384,15
GCAACATCAGGAAGTA_hybrid,0.70510143,46
GCAACCACACTTCGAC_hybrid,0.70172673,35
GCAACGTTCCTGCACC_hybrid,0.70134604,34
GCAACGTTCGAATCAT_hybrid,0.69980574,30
GCAACTATCAGCCTAA_hybrid,0.08653856,1
GCAACTATCCATCAGA_hybrid,0.64841956,4
GCAACTATCGCTCTCA_hybrid,0.6428365,4
GCAAGCAAGCCCGTCT_hybrid,0.7005522,32
GCAAGCTTCACCCTTG_hybrid,0.70412076,43
GCAAGCTTCAGCCACG_hybrid,0.66348714,8
GCAAGGATCTATGCAG_hybrid,0.70662636,51
GCAAGTGAGCGCTCGA_hybrid,0.70804775,55
GCAAGTGAGGCTATAT_hybrid,0.6017894,2
GCAAGTGAGTAGGAGT_hybrid,0.6691179,12
GCAAGTGAGTAGGCGA_hybrid,0.659504,6
GCAATAGGTAAGTCTC_hybrid,0.701865,35
GCAATATTCCACCGTC_hybrid,0.66246086,7
GCAATATTCCGCAACG_hybrid,0.6685711,12
GCAATATTCCGTAAGC_hybrid,0.69517404,23
GCAATCTGTTCCCAGA_hybrid,0.70748764,54
GCAATGAGTAGCTCCA_hybrid,0.7005724,32
GCAATTGTCCTGCCGT_hybrid,0.6998155,30
GCAATTGTCGATTCAG_hybrid,0.82442665,64
GCAATTTAGATTAGAG_hybrid,0.70315665,39
GCACAATCAATCATCT_hybrid,0.7137626,63
GCACCGATCACTCAGA_hybrid,0.69455,23
GCACCGATCCAGCGAT_hybrid,0.70370686,41
GCACCGATCCCATATC_hybrid,0.70705664,52
GCACCGATCCGTGCTC_hybrid,0.71021795,59
GCACGAGGTTCGCATG_hybrid,0.7037427,41
GCACGAGGTTGTAACC_hybrid,0.7049167,45
GCACGATTCACGGCCA_hybrid,0.6483628,4
GCACGGTCAGGCAACC_hybrid,0.6983904,27
GCACTAATCGATACTG_hybrid,0.6738628,14
GCACTAGCATCGCTGT_hybrid,0.67569774,14
GCACTCCTCCAGAGAG_hybrid,0.71054184,60
GCAGCCATCCGTGCTC_hybrid,0.70674044,51
GCAGCCATCTAGTGAT_hybrid,0.67688054,15
GCAGGGACAAGTGTAC_hybrid,0.71106106,60
GCAGGGACAATAGCAC_hybrid,0.7061126,49
GCAGGGTAGCGCAATC_hybrid,0.7115001,61
GCAGGGTAGTAATGGA_hybrid,0.70340335,40
GCAGTAAGTTGACCGC_hybrid,0.7110738,60
GCAGTGAAGGCAAGCA_hybrid,0.6990314,29
GCAGTGAAGGCGTATC_hybrid,0.6961829,24
GCATAGCTCCATTGCT_hybrid,0.70199376,36
GCATAGTCATCACACC_hybrid,0.7033424,40
GCATCAATCAGGAGAT_hybrid,0.70835793,56
GCATCAATCCCGCATC_hybrid,0.6716844,13
GCATCACAGCATCCTT_hybrid,0.69561386,24
GCATCACAGGAGCCAA_hybrid,0.71658415,63
GCATCACAGGTACATT_hybrid,0.66604424,10
GCATCACAGTAGGAGT_hybrid,0.7104844,60
GCATCACAGTAGGGCA_hybrid,0.7051031,46
GCATCAGCAAGCTTCC_hybrid,0.7036165,41
GCATCAGCACCACATC_hybrid,0.7072939,53
GCATCCTCAAATCCAA_hybrid,0.66562057,10
GCATCTAAGGGGACAC_hybrid,0.7054531,47
GCATGAGAGCAACCAC_hybrid,0.71012133,59
GCATGGGGTCTTGCGA_hybrid,0.7010831,33
GCATGGTTCAGTAGTT_hybrid,0.70301175,39
GCATGGTTCCAGCCTC_hybrid,0.7088903,57
GCATGGTTCCCAGGCA_hybrid,0.70624465,49
GCATGGTTCGCGATTA_hybrid,0.7028892,38
GCATGTCAGATTACCG_hybrid,0.70558953,48
GCATGTCAGGGTCATC_hybrid,0.7053459,47
GCATTAACATCATCGC_hybrid,0.70821595,55
GCATTATAGGTCAATT_hybrid,0.68434507,18
GCATTCAAGCGCCTCT_hybrid,0.7067066,51
GCATTCAAGGCGTCAT_hybrid,0.7063282,50
GCATTCCCAGCCTACT_hybrid,0.6389656,3
GCATTCCCAGGACAGG_hybrid,0.7066026,51
GCATTGATCAGGGAAT_hybrid,0.8326259,64
GCATTGATCATCATCC_hybrid,0.6650781,9
GCATTGATCCCGCAGA_hybrid,0.7037267,41
GCATTTAGTAATTGGG_hybrid,0.7060436,49
GCATTTAGTGATTGCT_hybrid,0.69789827,27
GCCAAATCAATCAAGC_hybrid,0.6783699,15
GCCAACTAGTTAGTCG_hybrid,0.63165957,3
GCCAAGCCACTTCGAC_hybrid,0.70252323,37
GCCACAACACATAGCG_hybrid,0.71067685,60
GCCACAACATAGGTAC_hybrid,0.70029604,31
GCCACTTCAAGTATGC_hybrid,0.90868497,65
GCCACTTCAATCGGTG_hybrid,0.7052917,47
GCCACTTCACCTTGGT_hybrid,0.67220426,13
GCCATATGTCAACTTA_hybrid,0.68090314,16
GCCATATGTTGGCCTA_hybrid,0.6933848,22
GCCATCAGTGGCGCTT_hybrid,0.70670986,51
GCCATCCTCCTGCATT_hybrid,0.7123191,62
GCCATCTCAGGCAGTC_hybrid,0.6580853,6
GCCATCTCATGACGTG_hybrid,0.7032569,40
GCCATGGTCATGGTCA_hybrid,0.7081204,55
GCCATTCCAAACCAGT_hybrid,0.7112122,60
GCCATTCCAATCGCAG_hybrid,0.028042635,0
GCCCAATAGTGGCAAG_hybrid,0.67491156,14
GCCCACTTCACATGGC_hybrid,0.71340907,62
GCCCACTTCATGCCTT_hybrid,0.8497184,64
GCCCACTTCGCTTGCC_hybrid,0.70466423,44
GCCCATTCAATCATAG_hybrid,0.70484656,45
GCCCATTCACATTACT_hybrid,0.70564526,48
GCCCCAAAGGTTCAGC_hybrid,0.705445,47
GCCCCAAAGTATGTCG_hybrid,0.64641273,4
GCCCGTAAGGGTGATG_hybrid,0.5988046,2
GCCCGTAAGGTTGCTA_hybrid,0.7001985,31
GCCCTCACAAGCATAC_hybrid,0.69713384,26
GCCCTCACAATACGCG_hybrid,0.66986394,12
GCCCTGTTCCTCATTA_hybrid,0.7042017,43
GCCGAGTCAACATGAC_hybrid,0.9125125,65
GCCGAGTCATTGCCCG_hybrid,0.7088478,57
GCCGATTAGGTGAGTG_hybrid,0.7023418,37
GCCGCTAAGGTCCCGA_hybrid,0.69680196,25
GCCGTAGTCGATTAGT_hybrid,0.6706825,12
GCCGTCAAGGGTTGGA_hybrid,0.7110451,60
GCCGTCAAGTTAGACT_hybrid,0.717442,63
GCCGTTAGTTCGGTAT_hybrid,0.6597436,6
GCCGTTGAGATAGCGG_hybrid,0.70989543,59
GCCGTTGAGTCATTGG_hybrid,0.6545255,5
GCCTAATGTGCGATCC_hybrid,0.9331566,66
GCCTACTCATAATCTC_hybrid,0.70107335,33
GCCTCATCATGACCTC_hybrid,0.7030407,39
GCCTCCACAGCCATTC_hybrid,0.6695484,12
GCCTGCTTCCAACTAG_hybrid,0.7007418,32
GCCTGCTTCGCATTGA_hybrid,0.6960971,24
GCCTGGATCGACCGAT_hybrid,0.700971,33
GCCTGTGAGCGATCAC_hybrid,0.7035656,41
GCCTGTGAGGTACGAG_hybrid,0.64464027,4
GCCTGTTCAACTTCAT_hybrid,0.70878094,57
GCCTGTTCAATCTCAT_hybrid,0.6685322,11
GCGAATAGTATGGCCC_hybrid,0.70972353,58
GCGAATAGTCAATCTA_hybrid,0.66090214,7
GCGAATAGTTGCAATC_hybrid,0.6927569,21
GCGAATAGTTTAGGAG_hybrid,0.9231942,66
GCGAATTCATTACTAC_hybrid,0.6669929,11
GCGACATTCCTGATAG_hybrid,0.6901998,20
GCGACTTAGAAGGGTT_hybrid,0.70108736,33
GCGACTTAGCCCGTCT_hybrid,0.7023065,37
GCGACTTAGGGCAGGT_hybrid,0.9404844,66
GCGAGGTAGCTAACTG_hybrid,0.6016465,2
GCGAGGTAGGTGACTC_hybrid,0.6987405,28
GCGAGTAAGCCGACCA_hybrid,0.6978425,27
GCGAGTTTCAATCGTG_hybrid,0.67224926,13
GCGAGTTTCGTGAGTC_hybrid,0.89774567,65
GCGATAAGTAGTCCCA_hybrid,0.70400566,42
GCGATGAAGTATCTCC_hybrid,0.67468727,14
GCGATGTTCCCTTGAT_hybrid,0.6856101,18
GCGATTCAGATAGAGC_hybrid,0.70874774,56
GCGATTCAGTATGAAG_hybrid,0.64873075,4
GCGCATTAGATTCCTC_hybrid,0.7058451,48
GCGCATTAGCGGTTCG_hybrid,0.7093742,58
GCGCATTAGTAATCCG_hybrid,0.66684914,11
GCGCATTAGTGGCTCG_hybrid,0.66586363,10
GCGCATTAGTTGCGCG_hybrid,0.69436336,22
GCGCCTAAGATTAGGA_hybrid,0.7081823,55
GCGCCTAAGGATGTGG_hybrid,0.70895314,57
GCGCTCAAGATTGCTG_hybrid,0.6991367,29
GCGCTCAAGCCCGTCT_hybrid,0.704846,45
GCGCTCAAGGATCAGG_hybrid,0.7029107,38
GCGGAGACAAGTTACA_hybrid,0.034098543,0
GCGGCTATCACAGCTA_hybrid,0.9483377,66
GCGGCTATCAGCACCG_hybrid,0.7048101,45
GCGGCTATCCTCTATA_hybrid,0.66889715,12
GCGGCTATCTGGCACG_hybrid,0.63250273,3
GCGGCTTGTATAGCCT_hybrid,0.6950262,23
GCGGCTTGTTCTGTCC_hybrid,0.66683537,11
GCGGCTTGTTTGATGC_hybrid,0.7062022,49
GCGGGATAGTGATTCG_hybrid,0.70302975,39
GCGGGTAGTTGAGGAC_hybrid,0.7074398,53
GCGGGTAGTTTCAGGT_hybrid,0.6808059,16
GCGGGTTCAAGCTGAT_hybrid,0.7140252,63
GCGGGTTCAAGTTCCC_hybrid,0.6966967,25
GCGGGTTCATAACGGT_hybrid,0.6692664,12
GCGGTAAAGCCTGAAC_hybrid,0.6859386,18
GCGGTAGGTTGCTGAT_hybrid,0.6591963,6
GCGGTCATCCCGCTGT_hybrid,0.73151964,64
GCGGTGAGTGAACGAC_hybrid,0.71376765,63
GCGGTTACAAATGGCT_hybrid,0.6894226,19
GCGTACCGTCAGGGCA_hybrid,0.70129937,34
GCGTACCGTTAGACGA_hybrid,0.70205426,36
GCGTAGCCAAGCGACC_hybrid,0.7118303,61
GCGTAGCCATCCGTCG_hybrid,0.6959043,24
GCGTAGCCATTACTGT_hybrid,0.70020735,31
GCGTATATCACCTGCC_hybrid,0.6996577,30
GCGTATATCCTTAGTC_hybrid,0.6806324,16
GCGTCAACAACCCTAC_hybrid,0.71057534,60
GCGTCAACAGGAAGTA_hybrid,0.69778126,26
GCGTCAACATGACCTC_hybrid,0.7085487,56
GCGTGAAAGGAGGCGT_hybrid,0.70711726,52
GCGTGTTAGGGCTTAC_hybrid,0.045270227,0
GCGTGTTAGTAATCCG_hybrid,0.7052463,46
GCGTTAATCCGGGTCA_hybrid,0.70303625,39
GCGTTAATCGCGACTG_hybrid,0.07247604,1
GCGTTAGCAGCCATAG_hybrid,0.6876669,19
GCGTTATGTAGCGGAT_hybrid,0.70724285,53
GCGTTATGTATGGCTT_hybrid,0.51845187,2
GCGTTATGTTAACCCG_hybrid,0.7071714,53
GCGTTCCTCCGTCCGT_hybrid,0.80979794,64
GCGTTCTCAAATCGCG_hybrid,0.7018705,35
GCGTTCTCAATCAGTA_hybrid,0.6745729,14
GCGTTTCCAAATGACC_hybrid,0.7050515,46
GCGTTTCCAACCTCGT_hybrid,0.70648307,50
GCGTTTCCATAAGGTC_hybrid,0.7901121,64
GCGTTTGGTTTAGGCT_hybrid,0.7048834,45
GCTAAACCATAGACAC_hybrid,0.69962394,30
GCTAAAGGTTGCCTCT_hybrid,0.029382287,0
GCTAAATTCAGCATCA_hybrid,0.69296676,21
GCTAAATTCCTGCCGT_hybrid,0.67483836,14
GCTAACATCCCAGATA_hybrid,0.7065546,50
GCTAACATCGTGATAT_hybrid,0.6803828,16
GCTAAGTCAATCGACG_hybrid,0.7015837,34
GCTAATGTCCACCTAT_hybrid,0.6756754,14
GCTACCCTCGTAGTGC_hybrid,0.68050975,16
GCTACCTCAAGCATGT_hybrid,0.6513426,5
GCTACCTCAATCGTAA_hybrid,0.7073986,53
GCTACCTCACATTCCA_hybrid,0.70671284,51
GCTACTGGTTGCGGTC_hybrid,0.71026206,59
GCTAGGCCAACCAACG_hybrid,0.7024225,37
GCTAGGTTCACACATG_hybrid,0.70551133,47
GCTAGGTTCTCACAGA_hybrid,0.70829237,55
GCTAGTCAGGTGAGGC_hybrid,0.7077272,54
GCTAGTTGTAAGCATG_hybrid,0.6671781,11
GCTAGTTGTCTAGGCC_hybrid,0.45940322,1
GCTAGTTGTTAGTGGA_hybrid,0.9696021,66
GCTATGATCATCACGA_hybrid,0.7071369,52
GCTCAAATCCACCATT_hybrid,0.707076,52
GCTCAATGTCAGCATT_hybrid,0.85544384,64
GCTCACCTCGATGACC_hybrid,0.7094302,58
GCTCAGGTCATAGAGA_hybrid,0.70052963,32
GCTCATAAGCAAGCTC_hybrid,0.7073137,53
GCTCATCCACTTGCAC_hybrid,0.7055633,47
GCTCATGGTGAGGCTG_hybrid,0.6942826,22
GCTCCAAGTAATTGCC_hybrid,0.9089094,65
GCTCCAAGTTTGCGAT_hybrid,0.70656675,50
GCTCCATCATAACTGA_hybrid,0.69960225,30
GCTCCGTTCATCTCAC_hybrid,0.7089615,57
GCTCCTTGTTAGCGAA_hybrid,0.70852476,56
GCTCGCTTCAAGTAAG_hybrid,0.69963604,30
GCTCGCTTCAGGCAAG_hybrid,0.7015974,34
GCTCGCTTCATGTCCT_hybrid,0.038056277,0
GCTCGCTTCGACCTAA_hybrid,0.6940472,22
GCTCGTAGTAACGCTT_hybrid,0.70398355,42
GCTCGTAGTTTGCCAG_hybrid,0.69859517,28
GCTCGTTCAGTACTCC_hybrid,0.6668689,11
GCTCTTGTCAATTCCC_hybrid,0.70338833,40
GCTCTTGTCGCGATAC_hybrid,0.69988745,31
GCTGACTAGCGAGCTT_hybrid,0.70269394,38
GCTGACTAGGTGATCC_hybrid,0.6969147,25
GCTGATGCACATGCTC_hybrid,0.6999079,31
GCTGATGCATCATCAT_hybrid,0.6921451,21
GCTGATTGTAATCCGT_hybrid,0.69516814,23
GCTGATTGTATGTGTC_hybrid,0.7035207,41
GCTGCCTTCCTCACCA_hybrid,0.6801077,16
GCTGCTAGTTTCGGTG_hybrid,0.65295666,5
GCTGCTGAGCTAGTTG_hybrid,0.6921171,21
GCTGCTGAGGAATTAG_hybrid,0.69896954,29
GCTGCTGAGGTGATGG_hybrid,0.7037672,41
GCTGGATTCACCATCT_hybrid,0.6657945,10
GCTGGTTAGCGATCCG_hybrid,0.700824,32
GCTGTATGTTAGTGTC_hybrid,0.67407054,14
GCTGTTAAGATTACCG_hybrid,0.70223665,36
GCTGTTAAGTCGCAAC_hybrid,0.70493,45
GCTTAACGTATGGTCT_hybrid,0.69694835,25
GCTTAACGTTTACGGT_hybrid,0.6902184,20
GCTTAATAGCTAATGT_hybrid,0.7038515,42
GCTTAATAGCTGGAAG_hybrid,0.7007042,32
GCTTACAAGTTAGCCA_hybrid,0.69690925,25
GCTTACCCAAAGGTTC_hybrid,0.7087264,56
GCTTACCCAAGCATCG_hybrid,0.8589594,64
GCTTACCCATGAAGTC_hybrid,0.6816187,17
GCTTACTTCTAATGCG_hybrid,0.7047184,45
GCTTATGAGTTGCGGT_hybrid,0.6757436,14
GCTTCACCATAGGTAC_hybrid,0.70408225,42
GCTTCAGGTCTTGCGA_hybrid,0.7076579,54
GCTTCCATCAGCGATC_hybrid,0.7123294,62
GCTTCCATCAGTAGTT_hybrid,0.6578669,6
GCTTCCATCTATGAAC_hybrid,0.7014677,34
GCTTCCGCAACCCGTT_hybrid,0.047189265,1
GCTTCCGCATCCAGAG_hybrid,0.7070179,52
GCTTCCTGTGAGAGTC_hybrid,0.70510644,46
GCTTCGCTCGCATCGG_hybrid,0.51724815,2
GCTTCGCTCTATGCGA_hybrid,0.66792876,11
GCTTGAATCATGGCAC_hybrid,0.66554976,10
GCTTGAATCGATGATT_hybrid,0.66352856,8
GCTTGAATCTTGAGGC_hybrid,0.6943273,22
GCTTGATGTGAGATTG_hybrid,0.70683044,51
GCTTGATGTTGTAGTC_hybrid,0.6736235,14
GCTTGCCTCAGGCTAC_hybrid,0.70327514,40
GCTTGTAAGGGCTACT_hybrid,0.6714488,13
GCTTGTAAGGTAAGGT_hybrid,0.7050665,46
GCTTTCACACATAGCG_hybrid,0.68349046,17
GCTTTCACATTGGCGA_hybrid,0.8445126,64
GCTTTGAAGATACTGT_hybrid,0.6388536,3
GCTTTGAAGTGACCAC_hybrid,0.69701976,26
GGAAACTAGAACGATA_hybrid,0.69937086,29
GGAAACTAGCGGAGAC_hybrid,0.7015124,34
GGAAACTAGGTTGGTC_hybrid,0.6633582,8
GGAAAGCCATCCGTTA_hybrid,0.7023552,37
GGAACATAGGCTATAT_hybrid,0.7041593,43
GGAACATAGGTGCTAC_hybrid,0.7048499,45
GGAACATAGTAGTAGA_hybrid,0.666014,10
GGAACCAAGATTCGCA_hybrid,0.69854796,28
GGAACTGAGCCACACG_hybrid,0.70207226,36
GGAAGATTCTGTGAAT_hybrid,0.6965674,25
GGAAGCATCGCTTGCC_hybrid,0.69692004,25
GGAAGCCAGCAACTAT_hybrid,0.70190513,35
GGAAGGCTCAAGTTCG_hybrid,0.6963368,24
GGAAGGCTCCCTCAAT_hybrid,0.7080009,55
GGAATCTCACTACCAC_hybrid,0.050865967,1
GGAATGGTCTGTCTAC_hybrid,0.6631518,8
GGAATTAAGAACCAGG_hybrid,0.6671023,11
GGAATTAAGCCGATAC_hybrid,0.70115924,33
GGACACCCAACATCGG_hybrid,0.66302145,8
GGACACGGTTTCGGCA_hybrid,0.66588193,10
GGACATGAGCCAGGAA_hybrid,0.6568484,6
GGACATTCAACCCTGT_hybrid,0.7146273,63
GGACCCTGTCTGGGCT_hybrid,0.70917106,57
GGACCTTAGGAATCAA_hybrid,0.6860951,18
GGACGAATCATGCTCT_hybrid,0.708165,55
GGACGAATCCGCACCT_hybrid,0.6833646,17
GGACGACAGTGGCCTG_hybrid,0.7041483,43
GGACGGACAAGTTAGC_hybrid,0.70979035,59
GGACGTAAGGAATTGA_hybrid,0.6028086,2
GGACGTTTCACTTGGA_hybrid,0.51068425,2
GGACTCACAACATTAG_hybrid,0.7009277,33
GGACTTATCGACTGAC_hybrid,0.7036955,41
GGACTTGCAATCAATG_hybrid,0.7021701,36
GGAGAACCAAAGGAAT_hybrid,0.6962321,24
GGAGAACCAACTGGTG_hybrid,0.6928411,21
GGAGAAGGTAGCCTGC_hybrid,0.71195203,61
GGAGAAGGTTGGATTC_hybrid,0.70274,38
GGAGAGGAGCGCCACA_hybrid,0.9410826,66
GGAGATTAGTAATGGA_hybrid,0.70597225,49
GGAGCAATCAGCGGAA_hybrid,0.70316213,39
GGAGCAATCTAACCAG_hybrid,0.69420785,22
GGAGCTGGTCCATCGA_hybrid,0.70318323,39
GGAGCTGGTTATCTAG_hybrid,0.7043394,43
GGAGGTTGTAGTCCTG_hybrid,0.69457936,23
GGAGGTTGTCATGGCC_hybrid,0.7066029,51
GGAGGTTGTTCTGTAA_hybrid,0.70021546,31
GGAGTAACATCAATCT_hybrid,0.9075062,65
GGAGTATAGCGATGGA_hybrid,0.9071201,65
GGAGTCAAGGCACTCG_hybrid,0.65171975,5
GGAGTGATCAGCCAAC_hybrid,0.703728,41
GGATAACAGGAATGAC_hybrid,0.7012234,33
GGATAACAGGATGAGT_hybrid,0.8944745,65
GGATAACAGGTTCCAA_hybrid,0.7078034,54
GGATAATGTGCAACGG_hybrid,0.6969897,25
GGATAGGTCCACCGCT_hybrid,0.66390276,8
GGATATGGTCTTGAAC_hybrid,0.70799726,55
GGATATGGTGGACCGA_hybrid,0.7077826,54
GGATATGGTTGCCTAG_hybrid,0.6974102,26
GGATCGTTCAGGTCTA_hybrid,0.055858232,1
GGATCTATCGACCAAC_hybrid,0.7055166,47
GGATGCAAGGCAAGCA_hybrid,0.7049124,45
GGATGCTTCCCCATAT_hybrid,0.7023213,37
GGATGGATCACTCATC_hybrid,0.67118853,13
GGATGGGCATAGAGCT_hybrid,0.023711475,0
GGATGTGAGCCTAGCG_hybrid,0.69519615,23
GGATGTGAGTAAGTGA_hybrid,0.71318865,62
GGATGTTCAATACTTC_hybrid,0.6966744,25
GGATTAAAGTTGCTTC_hybrid,0.6875854,19
GGATTAGGTTAGTCGT_hybrid,0.04653694,1
GGATTCATCATGGATT_hybrid,0.7029754,39
GGATTGAGTCCATCGA_hybrid,0.6998571,30
GGATTGCTCCGCTACC_hybrid,0.6510489,5
GGCAAAGTCTATCGAG_hybrid,0.70202035,36
GGCAACCCAAATGAGG_hybrid,0.70471084,44
GGCAACCCAACCAAGT_hybrid,0.7046374,44
GGCAACCCATTAGTGA_hybrid,0.6971927,26
GGCAACTTCTGGTAGC_hybrid,0.69548875,24
GGCAAGGCAAGTAGCT_hybrid,0.70274144,38
GGCAATAGTCAAGCCC_hybrid,0.6954694,24
GGCAATAGTGGCTGCT_hybrid,0.66333616,8
GGCACACCAACCGTCT_hybrid,0.703418,40
GGCACACCACATAGAC_hybrid,0.8352391,64
GGCACACCACATATAG_hybrid,0.6610324,7
GGCACACCAGTAAGGA_hybrid,0.68262833,17
GGCACCTGTTATGACC_hybrid,0.7103884,59
GGCACGAGTAGCTATC_hybrid,0.676044,14
GGCACGAGTCCCGAAC_hybrid,0.65705466,6
GGCACGAGTGAGCGAT_hybrid,0.9274947,66
GGCATAAGTCAGCTCA_hybrid,0.6983429,27
GGCATAAGTTAAGTCC_hybrid,0.70031714,31
GGCATAAGTTACACAC_hybrid,0.66354024,8
GGCATAAGTTTGGTGT_hybrid,0.7066815,51
GGCATCACATTACCCA_hybrid,0.7035285,41
GGCATCCGTTGAAGGC_hybrid,0.65941787,6
GGCATCCGTTTCCGAG_hybrid,0.7059327,49
GGCATGAAGCAGGTAG_hybrid,0.71210396,62
GGCATGAAGTGAGCAG_hybrid,0.70127785,34
GGCATGAAGTGGGTAG_hybrid,0.6885318,19
GGCATGTTCTATCTCA_hybrid,0.701614,34
GGCATTATCCTCTCAG_hybrid,0.66800445,11
GGCCAACCAACGGTCA_hybrid,0.70315725,39
GGCCAACCATCCGCTG_hybrid,0.6572524,6
GGCCGAAGTGACTCGC_hybrid,0.70873785,56
GGCCGTTGTTGACGGG_hybrid,0.7107012,60
GGCCGTTGTTTGCATA_hybrid,0.69291407,21
GGCCTTGAGCGGTCTG_hybrid,0.71031964,59
GGCGAATGTTGAGTAG_hybrid,0.6636621,8
GGCGAGACATCGTACC_hybrid,0.70730746,53
GGCGATCCACAGGCAC_hybrid,0.6945993,23
GGCGATGGTAGTAACG_hybrid,0.70258355,37
GGCGATGGTTTCCTTG_hybrid,0.6946474,23
GGCGATTTCACTCAGA_hybrid,0.6989964,29
GGCGATTTCCCATTCG_hybrid,0.7063677,50
GGCGATTTCCTGCATT_hybrid,0.706425,50
GGCGCTATCCTGATTC_hybrid,0.71348244,62
GGCGGATAGATTGAAG_hybrid,0.7106437,60
GGCGGATAGGAGGCAC_hybrid,0.7049087,45
GGCGGATAGTGACCAC_hybrid,0.64954185,4
GGCGGTAGTTGCGTAT_hybrid,0.68558776,18
GGCGGTAGTTGTCCAG_hybrid,0.6448937,4
GGCGGTAGTTTGGGAA_hybrid,0.69889283,28
GGCGGTTCACTTCACA_hybrid,0.66843754,11
GGCGTAAAGGCAATGG_hybrid,0.698316,27
GGCGTAAAGGTGCTAC_hybrid,0.67240506,13
GGCGTAGGTGATGCTT_hybrid,0.6661034,10
GGCGTAGGTTGTCTGG_hybrid,0.7060295,49
GGCGTCTGTCAGCACC_hybrid,0.7031757,39
GGCGTCTGTTGGCTGC_hybrid,0.70477724,45
GGCGTGAGTATGTGTC_hybrid,0.50127447,1
GGCGTTACATCGAACG_hybrid,0.7031571,39
GGCTCAACATGACACG_hybrid,0.702148,36
GGCTCAACATTACGCC_hybrid,0.6369764,3
GGCTCGATCCTCTAGT_hybrid,0.7054793,47
GGCTCGATCGATGACC_hybrid,0.6603321,7
GGCTGACCAGGTTACG_hybrid,0.6999005,31
GGCTGAGGTTCTGGGC_hybrid,0.70455307,44
GGCTGGTCAAACTTAG_hybrid,0.67351943,13
GGCTGGTCAATGAGCT_hybrid,0.7026849,38
GGCTTATGTGCATCTG_hybrid,0.70420814,43
GGCTTATGTTCCTTCA_hybrid,0.7026017,37
GGCTTCTCACAGCACA_hybrid,0.70888495,57
GGCTTGGTCACTCCTG_hybrid,0.70172083,35
GGCTTTGGTCAAGTGA_hybrid,0.6486324,4
GGCTTTGGTTTCGAGT_hybrid,0.7086501,56
GGGAATGTCCTGCTAT_hybrid,0.7060532,49
GGGAATTAGGCAAGTG_hybrid,0.8821049,65
GGGAATTAGGGTCCTG_hybrid,0.7041956,43
GGGACACAGAACGAGT_hybrid,0.71219504,62
GGGACACAGCCATCAA_hybrid,0.69802946,27
GGGACACAGTAGTTAC_hybrid,0.6540634,5
GGGACCTCAATCGAGT_hybrid,0.6609974,7
GGGACCTCACAGCCAA_hybrid,0.6272401,3
GGGACCTCAGGCAATT_hybrid,0.43552,1
GGGACCTCATAGGCTG_hybrid,0.7033317,40
GGGACTAAGCGAGAGC_hybrid,0.6013883,2
GGGACTAAGCGATGTC_hybrid,0.7045282,44
GGGATATAGGAACCTC_hybrid,0.6781443,15
GGGATATAGTAGTCAT_hybrid,0.70274,38
GGGATCAAGTCAGCTA_hybrid,0.65278697,5
GGGATTAGTGGCGTAG_hybrid,0.6668221,10
GGGCAAATCCTCTCCT_hybrid,0.6992491,29
GGGCAACAGGCTTACA_hybrid,0.66190875,7
GGGCAATGTCATCGGC_hybrid,0.6786967,15
GGGCAATGTGGCTGTC_hybrid,0.7085676,56
GGGCATCCAGGGACGA_hybrid,0.7091224,57
GGGCATGGTAATGTGG_hybrid,0.66728693,11
GGGCCTATCGATTAGT_hybrid,0.6444738,4
GGGCGTAGTGACGACG_hybrid,0.6944614,22
GGGCGTAGTGGCAGCA_hybrid,0.69624484,24
GGGCTTACAAGCCAAT_hybrid,0.70474386,45
GGGGACTAGTGAGATA_hybrid,0.51649237,2
GGGGCAACAACTGGTG_hybrid,0.6655346,9
GGGGCTAGTTTGAGTC_hybrid,0.7029315,39
GGGGTAATCCTCTCCT_hybrid,0.66402465,8
GGGGTAATCCTTCACG_hybrid,0.7037537,41
GGGGTATGTTAAGGAT_hybrid,0.701786,35
GGGGTCAGTGCACCGT_hybrid,0.69427836,22
GGGGTTAAGCCACGAT_hybrid,0.658802,6
GGGGTTAAGGCTGTAC_hybrid,0.7105958,60
GGGTAAGTCAGTATCG_hybrid,0.7003866,31
GGGTAAGTCATCACCT_hybrid,0.70558137,48
GGGTACGGTAGGCTGG_hybrid,0.8873906,65
GGGTACGGTATGGCTT_hybrid,0.70463586,44
GGGTACGGTCTTGACG_hybrid,0.70973164,58
GGGTACGGTGCACCAC_hybrid,0.71193314,61
GGGTATAGTGCATTAC_hybrid,0.6831021,17
GGGTATGAGCTATCAG_hybrid,0.68084663,16
GGGTATGAGTCATTGG_hybrid,0.6641368,8
GGGTCATTCCATGAGC_hybrid,0.6935029,22
GGGTGAATCCCCAAGG_hybrid,0.70289755,38
GGGTGTCCACCATCCG_hybrid,0.7024461,37
GGGTTAAGTTCCCAAG_hybrid,0.65310436,5
GGGTTAAGTTGCCTAG_hybrid,0.7112731,61
GGGTTAGAGCATCCGG_hybrid,0.7056048,48
GGGTTAGAGTTGGTCA_hybrid,0.70316714,39
GGGTTCCGTTAGAGGC_hybrid,0.71341133,62
GGGTTGAAGGGGATGC_hybrid,0.7047163,45
GGGTTGGGTAATTGCC_hybrid,0.71232265,62
GGGTTGGGTTATCTCT_hybrid,0.5669525,2
GGGTTGGGTTCAATGC_hybrid,0.6979991,27
GGGTTTCAGCCTCTCA_hybrid,0.58005804,2
GGGTTTCAGGCGTAGA_hybrid,0.702955,39
GGGTTTGCAGGTTACG_hybrid,0.077221885,1
GGTAAGGTCACCATCT_hybrid,0.7083191,55
GGTAAGGTCCCGGCTT_hybrid,0.7030366,39
GGTAATGGTCATCCCT_hybrid,0.70562357,48
GGTAATGGTGGCCTAC_hybrid,0.6726338,13
GGTAATTTCCCTTGCA_hybrid,0.5829631,2
GGTAATTTCCTTGACT_hybrid,0.69565845,24
GGTACATCAAATGAGG_hybrid,0.70021963,31
GGTACATCAACTAGCG_hybrid,0.66194767,7
GGTACATCAATCAGCG_hybrid,0.70739967,53
GGTACATCAGGACTCA_hybrid,0.7039521,42
GGTACGGGTAAGCGTA_hybrid,0.7039516,42
GGTACGGGTTGGATGA_hybrid,0.710437,59
GGTACTATCCGTGATA_hybrid,0.7034417,40
GGTACTATCGCTCAGG_hybrid,0.69957525,30
GGTACTATCTGTGCCC_hybrid,0.6717615,13
GGTACTTGTAGCTAGA_hybrid,0.81660306,64
GGTACTTGTGGGTATA_hybrid,0.69809824,27
GGTAGCGGTAACGTCT_hybrid,0.70336235,40
GGTAGCGGTGATCCTG_hybrid,0.7075294,54
GGTAGCGGTGCGTAGG_hybrid,0.6544642,5
GGTAGCTTCACCATGA_hybrid,0.6600641,6
GGTAGCTTCGTGCTGG_hybrid,0.7000089,31
GGTAGCTTCGTTGCTT_hybrid,0.7037644,41
GGTAGCTTCTAAGCTG_hybrid,0.6980081,27
GGTAGCTTCTGTGGCG_hybrid,0.6925636,21
GGTAGGATCTGTCAAG_hybrid,0.6948259,23
GGTAGTAGTAGCCAGG_hybrid,0.65205437,5
GGTAGTAGTTCCGGTA_hybrid,0.7056456,48
GGTAGTGAGGCTCCTC_hybrid,0.6978493,27
GGTATAGGTTAATTCG_hybrid,0.7058446,48
GGTATCTGTTGAGTCT_hybrid,0.70244426,37
GGTATGGAGCAAGCCT_hybrid,0.69011253,20
GGTATGGAGGAGTAGT_hybrid,0.7055048,47
GGTATGGAGGTACGAG_hybrid,0.044903375,0
GGTATGGAGGTGATCC_hybrid,0.69862485,28
GGTATGTCAAACTCAA_hybrid,0.70424086,43
GGTATGTCAATATCTC_hybrid,0.7104948,60
GGTATGTCATCAAGCG_hybrid,0.7044527,44
GGTATTGTCGATTGAT_hybrid,0.7053829,47
GGTCACTAGTTAGATC_hybrid,0.6957059,24
GGTCATATCACTCTGT_hybrid,0.7029644,39
GGTCATATCATCGTAG_hybrid,0.70560807,48
GGTCATATCCCGTTCA_hybrid,0.6703849,12
GGTCATATCGTGCCCT_hybrid,0.7043151,43
GGTCATATCTATGTGG_hybrid,0.70309484,39
GGTCATCAGCGCTGAT_hybrid,0.037344813,0
GGTCATTGTCATTGCG_hybrid,0.6770485,15
GGTCATTGTGAGTGAC_hybrid,0.699998,31
GGTCATTGTGGACAGT_hybrid,0.70224094,36
GGTCATTGTTCCCTGT_hybrid,0.89066416,65
GGTCGATTCAATCCGA_hybrid,0.70253646,37
GGTCGATTCACGTTAG_hybrid,0.6638269,8
GGTCGATTCATGTGAT_hybrid,0.69593567,24
GGTCGATTCCATTCGT_hybrid,0.6937198,22
GGTCGCATCTCACTTA_hybrid,0.70016,31
GGTCTAATCAATGGTT_hybrid,0.7000984,31
GGTCTAATCCCAGATA_hybrid,0.0673515,1
GGTCTAATCCCGCAAG_hybrid,0.70955795,58
GGTCTAATCTAAGTCG_hybrid,0.64523315,4
GGTCTAGCATAGACAC_hybrid,0.71031356,59
GGTCTATGTCCCGAAC_hybrid,0.5748704,2
GGTCTATGTTCGTCCT_hybrid,0.6979347,27
GGTCTATGTTGGCTGC_hybrid,0.6563336,5
GGTCTCCTCGAATCTG_hybrid,0.6619668,7
GGTCTTAAGATTACGT_hybrid,0.705784,48
GGTGAACGTTCCTCAC_hybrid,0.66358674,8
GGTGAACGTTGGCCTA_hybrid,0.6614776,7
GGTGAATAGTCAACTG_hybrid,0.69742894,26
GGTGACTTCCCAATGA_hybrid,0.70480186,45
GGTGACTTCCGGTATA_hybrid,0.6658044,10
GGTGATGAGTAGGTCC_hybrid,0.7115654,61
GGTGCGAGTAGTCCCA_hybrid,0.69229907,21
GGTGCGAGTTTGCGGC_hybrid,0.70593894,49
GGTGGATGTTAGCCTG_hybrid,0.70509624,46
GGTGGTAAGGCTCTGG_hybrid,0.7018814,35
GGTGTAAGTGATAGTG_hybrid,0.7102925,59
GGTGTAAGTTAGAGTG_hybrid,0.6755795,14
GGTGTCCGTAACGGGT_hybrid,0.6745231,14
GGTTAAGGTAATGGGC_hybrid,0.62632126,3
GGTTAAGGTGCATCCA_hybrid,0.70802623,55
GGTTAATTCAGTAATC_hybrid,0.70676774,51
GGTTAATTCCTCAGCC_hybrid,0.5823828,2
GGTTAATTCGCGACTG_hybrid,0.70959175,58
GGTTAATTCGTGAGTC_hybrid,0.70933986,58
GGTTACATCACAGGGA_hybrid,0.7105259,60
GGTTACATCCTGGTAA_hybrid,0.6431897,4
GGTTACGCAAGTTCCC_hybrid,0.6780504,15
GGTTAGCTCTGGTCGG_hybrid,0.69300425,21
GGTTAGGAGGCTTGGT_hybrid,0.05990659,1
GGTTAGTCATGCGTAG_hybrid,0.69366103,22
GGTTATGTCATAGACT_hybrid,0.662132,7
GGTTCAATCGACATCA_hybrid,0.69857544,28
GGTTCCTCACAACGAT_hybrid,0.7078576,54
GGTTCTAAGTAGTGAA_hybrid,0.68378204,17
GGTTGGGGTAGTGTGA_hybrid,0.70445853,44
GGTTGGGGTTAATCCA_hybrid,0.7045444,44
GGTTGGTTCGATATAC_hybrid,0.6920448,21
GGTTGTCAGCAGTTCA_hybrid,0.68515396,18
GGTTTAGTCCCCTGGT_hybrid,0.6993622,29
GGTTTAGTCTATCGCT_hybrid,0.7052483,46
GGTTTCAAGCATTACG_hybrid,0.66705763,11
GTAAACGGTAACGAGC_hybrid,0.7046132,44
GTAAATGAGGCTAGAG_hybrid,0.697244,26
GTAACCATCGTACAGC_hybrid,0.70580196,48
GTAACCATCTGGTAAT_hybrid,0.8803434,65
GTAACCCAGCGAGTAG_hybrid,0.7072411,53
GTAACCCAGGTGAAGT_hybrid,0.708746,56
GTAACCCAGGTGAGAT_hybrid,0.67038566,12
GTAACCCAGTTAGAGA_hybrid,0.71233547,62
GTAACCGCATTACAGA_hybrid,0.6480386,4
GTAACCTGTTTGGCAT_hybrid,0.678258,15
GTAACGGAGGTTGCAC_hybrid,0.70359606,41
GTAACGGAGTGAATGA_hybrid,0.6984826,28
GTAAGCCTCAGTATCG_hybrid,0.6528756,5
GTAAGCCTCGATAGTT_hybrid,0.6977491,26
GTAAGCGAGGATGCTC_hybrid,0.9826358,66
GTAAGCGAGTATGGAA_hybrid,0.70061064,32
GTAAGCGAGTCAGTAT_hybrid,0.6835002,17
GTAAGCTCAACATGAC_hybrid,0.70647216,50
GTAAGCTCAAGCGTGC_hybrid,0.6757411,14
GTAAGGGTCATAGGCC_hybrid,0.7071635,52
GTAAGGGTCGATTAGT_hybrid,0.7111108,60
GTAAGGTAGTTACGAT_hybrid,0.6750694,14
GTAAGTAAGCAACCAC_hybrid,0.69686,25
GTAAGTAAGCAAGCCT_hybrid,0.030527184,0
GTAAGTTTCGCTGACG_hybrid,0.6721001,13
GTAATAGAGCTGGCTG_hybrid,0.7068271,51
GTAATGAAGCCTGCGA_hybrid,0.7055166,47
GTAATGGGTATTGGAG_hybrid,0.71152884,61
GTAATGTTCATGCCGG_hybrid,0.70225376,36
GTAATTCAGGTTGGTC_hybrid,0.8917682,65
GTACAACCAGCTAGTG_hybrid,0.7005468,32
GTACAAGGTAACGCTT_hybrid,0.70383835,42
GTACAAGGTAGCAGGT_hybrid,0.705255,46
GTACATTAGCTAATGT_hybrid,0.71014315,59
GTACATTAGCTACTGA_hybrid,0.091546655,1
GTACCAGCAACCCTTA_hybrid,0.6670821,11
GTACCCAGTAAGTTGG_hybrid,0.67135376,13
GTACCCAGTGGCGTAG_hybrid,0.6953577,23
GTACCCAGTTCCAGGC_hybrid,0.69042724,20
GTACCCAGTTTGGCTG_hybrid,0.68402714,17
GTACCCTCACCACATC_hybrid,0.7003781,31
GTACGAAGTGAAGTCA_hybrid,0.690281,20
GTACGAAGTGAGCAGT_hybrid,0.7033071,40
GTACGAAGTTCCAGAT_hybrid,0.024798933,0
GTACGATCAGTAAGCT_hybrid,0.66371405,8
GTACGGTTCAGCTACA_hybrid,0.6964478,25
GTACGTTGTAGGCCAG_hybrid,0.70858765,56
GTACTAACACTTGGCT_hybrid,0.71226627,62
GTACTAACAGGCATTG_hybrid,0.66430134,9
GTACTCCCAAATCTAG_hybrid,0.69312865,21
GTACTCCCAACATGCG_hybrid,0.66633195,10
GTACTCCCAGGCAGAG_hybrid,0.105091825,1
GTACTCCCAGGTAGCC_hybrid,0.70417064,43
GTACTCCCAGTAATCA_hybrid,0.61918175,3
GTAGAATGTCATCCAG_hybrid,0.69885015,28
GTAGACTCAAGCCGGT_hybrid,0.7019119,35
GTAGCAAGTAGGCCAG_hybrid,0.70780134,54
GTAGCAAGTGAGCACG_hybrid,0.69866955,28
GTAGCATCAAATGCGT_hybrid,0.7045935,44
GTAGCCCGTAAGGACC_hybrid,0.69991386,31
GTAGCCCGTGAGGTAC_hybrid,0.6597787,6
GTAGCGCCACCTCAGT_hybrid,0.70368916,41
GTAGCTTGTGAAGTGC_hybrid,0.70598495,49
GTAGCTTGTGCGCAGA_hybrid,0.66435623,9
GTAGGAACAAGGGATA_hybrid,0.0,0
GTAGGAACAGTAATTG_hybrid,0.70677406,51
GTAGGATAGCCACGCA_hybrid,0.6497966,4
GTAGGATAGCTTACCT_hybrid,0.7101814,59
GTAGGATAGTCGAAGG_hybrid,0.7046883,44
GTAGGCGGTAGCTCAT_hybrid,0.70911455,57
GTAGGCTTCATGTGGC_hybrid,0.6658262,10
GTAGGCTTCTGGCCGA_hybrid,0.65936756,6
GTAGGGGCATGCTCGT_hybrid,0.7028654,38
GTAGGGGCATGGCTGA_hybrid,0.70123845,33
GTAGGTGAGGATGGCA_hybrid,0.70344806,40
GTAGGTTCAATTAGTG_hybrid,0.7050983,46
GTAGGTTCAGCACGAC_hybrid,0.65853435,6
GTAGTAGGTGATGCCC_hybrid,0.7009975,33
GTAGTAGGTGATGGCG_hybrid,0.6654999,9
GTAGTAGGTTCGTCAG_hybrid,0.6953194,23
GTAGTCTGTGGAGACT_hybrid,0.68363917,17
GTAGTCTGTTAGTGAG_hybrid,0.7077663,54
GTAGTTACATAGATTG_hybrid,0.66312253,8
GTAGTTACATCCTGGT_hybrid,0.703322,40
GTAGTTGTCCGTGGCA_hybrid,0.66330993,8
GTAGTTTAGGTTCACA_hybrid,0.6998122,30
GTATAGCCAAATCTAG_hybrid,0.70595795,49
GTATAGCCAAGGTGCC_hybrid,0.6962251,24
GTATCCTTCACTTGCT_hybrid,0.6556386,5
GTATGAAAGTAATTGC_hybrid,0.7004715,32
GTATGAAAGTGATGCC_hybrid,0.5763314,2
GTATGAGGTCAGCGGA_hybrid,0.7069063,51
GTATGAGGTTCTGTGG_hybrid,0.7030027,39
GTATGGCTCCTCACGC_hybrid,0.70408106,42
GTATGGGAGAAGCACG_hybrid,0.679552,16
GTATGGGAGTGTCAAT_hybrid,0.70109063,33
GTATGGTCAAGGGCTC_hybrid,0.708763,56
GTATGTTAGGGTTGAG_hybrid,0.7046581,44
GTATTAGCACAAGGAA_hybrid,0.69941026,29
GTATTAGCACATAGAC_hybrid,0.70522153,46
GTATTCAGTTGCGGTC_hybrid,0.6557923,5
GTATTCAGTTGCTGTG_hybrid,0.68969935,20
GTATTCCTCCAGCACG_hybrid,0.6707089,12
GTATTGGTCCTGCTCA_hybrid,0.704925,45
GTATTGGTCTAGATAC_hybrid,0.6914947,20
GTCAAACCAAGTGCTG_hybrid,0.6953732,23
GTCAAACCAGCTCGTT_hybrid,0.67763233,15
GTCAAACCATCACGGA_hybrid,0.7035259,41
GTCAAAGGTGACGAGT_hybrid,0.7007653,32
GTCAAATTCACACCAA_hybrid,0.60285187,2
GTCAAATTCCAGAGAG_hybrid,0.7114345,61
GTCAAATTCCAGAGCT_hybrid,0.040028214,0
GTCAACATCACGGAGA_hybrid,0.8334019,64
GTCAACATCTGGTAAT_hybrid,0.9195211,66
GTCAAGCTCATGCACA_hybrid,0.7083279,55
GTCAAGCTCCAGCATA_hybrid,0.69395065,22
GTCAAGCTCCGTTGGG_hybrid,0.7022867,37
GTCAATGTCGCGCCTT_hybrid,0.65886474,6
GTCAATTAGAAGGTGT_hybrid,0.7024745,37
GTCATAACACTCATGC_hybrid,0.6981867,27
GTCATAACATGGCTGA_hybrid,0.7071416,52
GTCATATAGTAGCTGC_hybrid,0.7019118,35
GTCATATAGTGACCAC_hybrid,0.70249605,37
GTCATCAAGTAATGGA_hybrid,0.70524305,46
GTCATTAGTCTTGGGC_hybrid,0.7149106,63
GTCATTAGTTGACGGG_hybrid,0.6678012,11
GTCATTTCAATCTAAG_hybrid,0.67143106,13
GTCCAATGTAACGTCT_hybrid,0.66413516,8
GTCCAATGTGCAGCTC_hybrid,0.66465396,9
GTCCACCTCACGCTAA_hybrid,0.69925034,29
GTCCACCTCAGCTGCG_hybrid,0.68957263,20
GTCCACCTCGATTAAC_hybrid,0.702671,38
GTCCACCTCGTAACTG_hybrid,0.70554,47
GTCCAGTAGGTCAATT_hybrid,0.70679706,51
GTCCAGTAGTAACCCA_hybrid,0.7029235,39
GTCCATAAGCTGGTAC_hybrid,0.5151877,2
GTCCATCCACTAGCTC_hybrid,0.7029808,39
GTCCATCCATCATCTG_hybrid,0.66532916,9
GTCCATCCATGGAGCC_hybrid,0.689983,20
GTCCCATCAAGCGGAG_hybrid,0.41865456,1
GTCCCATCAGGCAGGA_hybrid,0.70011514,31
GTCCCGAAGTGGCTCG_hybrid,0.6994667,29
GTCCCTCAGTAGCGGA_hybrid,0.70262307,38
GTCCCTTGTTGACCTG_hybrid,0.70261747,38
GTCCGAACATTCCTTC_hybrid,0.90430707,65
GTCCGATAGCTATCAG_hybrid,0.71348155,62
GTCCGATAGCTTAGAT_hybrid,0.6653463,9
GTCCGATAGGTAATCT_hybrid,0.7041064,43
GTCCGCTTCATACTCC_hybrid,0.7083676,56
GTCCGTAGTGACGAGT_hybrid,0.6976685,26
GTCCGTTCATGCTGCT_hybrid,0.66297024,8
GTCCTAAAGGTGCAAG_hybrid,0.6843448,18
GTCCTAAAGTAATCGT_hybrid,0.70089483,33
GTCCTAAAGTATCTCC_hybrid,0.7018505,35
GTCCTATTCAATCAAC_hybrid,0.66371775,8
GTCCTATTCAGTACGC_hybrid,0.70389897,42
GTCCTCATCCATCACT_hybrid,0.67909646,16
GTCCTCATCTGTGAAT_hybrid,0.7012624,34
GTCCTGCTCATGACTG_hybrid,0.7084413,56
GTCGATTGTTAGGCAA_hybrid,0.6054646,3
GTCGCCAAGCGGAGAC_hybrid,0.031901132,0
GTCGCCAAGGGTAGCA_hybrid,0.69977796,30
GTCGCTAGTAGCGATA_hybrid,0.66102254,7
GTCGCTAGTCAGGACG_hybrid,0.69449884,22
GTCGCTAGTCATCCGA_hybrid,0.6029751,2
GTCGCTAGTGCAAGTA_hybrid,0.67661375,15
GTCGGATTCCAGAGCT_hybrid,0.6638134,8
GTCGGCTGTCTTGATA_hybrid,0.70321584,39
GTCGGCTGTGCATCAT_hybrid,0.69895154,28
GTCGGCTGTTTGGGTT_hybrid,0.6850191,18
GTCGGGTCACTATGCC_hybrid,0.6820511,17
GTCGGGTCAGGACACC_hybrid,0.71177787,61
GTCGGTTAGGTGAGCA_hybrid,0.7172143,63
GTCTAACGTCAAGCCC_hybrid,0.70888096,57
GTCTAACGTTAATTCG_hybrid,0.7011583,33
GTCTATGAGGTAACTT_hybrid,0.7044048,44
GTCTATGAGGTGGCTT_hybrid,0.70327145,40
GTCTCACCAACCCTGT_hybrid,0.70895076,57
GTCTCCGCAAGCGTAT_hybrid,0.6953988,23
GTCTCCGCATGGCGTA_hybrid,0.6808068,16
GTCTGCCTCACATACG_hybrid,0.70829535,55
GTCTGTCCAGGCAACC_hybrid,0.69651014,25
GTCTTAAGTGAACCTT_hybrid,0.70390844,42
GTCTTAAGTTGGTTCG_hybrid,0.7060974,49
GTCTTAAGTTTAGTTG_hybrid,0.6809711,16
GTGAAATGTTCGGCTA_hybrid,0.87547183,65
GTGAACAGTTTGGCTG_hybrid,0.70286494,38
GTGAACCTCCGGATAC_hybrid,0.68310606,17
GTGAACCTCCTGATCT_hybrid,0.7014346,34
GTGAACCTCGCATTGA_hybrid,0.7088708,57
GTGAAGGTCCTTCATA_hybrid,0.69692445,25
GTGAATCCAACCAACG_hybrid,0.6814678,17
GTGAATCCACCATTGC_hybrid,0.709486,58
GTGAATGGTTGCCTGA_hybrid,0.70431054,43
GTGAATGGTTTACGAC_hybrid,0.7052143,46
GTGACGAAGTACGGTC_hybrid,0.66392964,8
GTGACTATCGCGCTGA_hybrid,0.71198857,61
GTGAGCAAGTAGTAGA_hybrid,0.6688154,12
GTGAGCGGTGGAGCAT_hybrid,0.701321,34
GTGAGTAGTTCCGGTA_hybrid,0.7086024,56
GTGAGTAGTTGAAGGC_hybrid,0.7015051,34
GTGAGTGAGGTGCATC_hybrid,0.7046608,44
GTGATAGGTCATCCTC_hybrid,0.6998149,30
GTGATAGGTCATTGCG_hybrid,0.7062823,50
GTGATAGGTGGCCTGT_hybrid,0.7022069,36
GTGATGGAGGATTAAG_hybrid,0.7024533,37
GTGATTTAGAAGCGAT_hybrid,0.71132565,61
GTGCAATCAAGTAGAG_hybrid,0.6932865,21
GTGCACTAGCATTCGA_hybrid,0.703659,41
GTGCAGCCAGGGCTAC_hybrid,0.71593004,63
GTGCAGCCATGGATTA_hybrid,0.65589404,5
GTGCAGCCATGGTTAA_hybrid,0.08465952,1
GTGCATATCAGCATCA_hybrid,0.6725711,13
GTGCATTGTTGTGAGA_hybrid,0.70086384,33
GTGCCCAAGCTGAGAG_hybrid,0.66593534,10
GTGCCTAGTTCCGGGT_hybrid,0.9259029,66
GTGCGAGGTTTACAGC_hybrid,0.71269596,62
GTGCGCATCAGGCTTA_hybrid,0.70599186,49
GTGCGGTCACTTCAGC_hybrid,0.69769305,26
GTGCGGTCAGGCTCAA_hybrid,0.6662041,10
GTGCTATGTTCGGCTA_hybrid,0.70447296,44
GTGCTCAGTCTGGCGT_hybrid,0.6845569,18
GTGCTCAGTTCTGGTG_hybrid,0.6659969,10
GTGCTCAGTTGACCTG_hybrid,0.7067796,51
GTGCTTGGTTCCCAAG_hybrid,0.69683135,25
GTGGACAAGGATATGA_hybrid,0.6814307,17
GTGGAGGCATGGTCAG_hybrid,0.7165995,63
GTGGATAGTCTAGTTA_hybrid,0.7020113,36
GTGGATAGTCTTGCAG_hybrid,0.7003293,31
GTGGATTCAAACTACA_hybrid,0.046572886,1
GTGGATTCACTTGCTA_hybrid,0.6997458,30
GTGGATTCATGATTAG_hybrid,0.6774296,15
GTGGCAGGTGAGTAAT_hybrid,0.04131588,0
GTGGCAGGTGAGTAGC_hybrid,0.70713955,52
GTGGCGAGTTCCCTTA_hybrid,0.7003464,31
GTGGGATGTTCCTCAC_hybrid,0.6608219,7
GTGGGTAAGCTACCAA_hybrid,0.6802166,16
GTGGGTAAGTAATTGC_hybrid,0.7048372,45
GTGGGTTTCTGGCATA_hybrid,0.70372593,41
GTGGTAAGTTGGCTGC_hybrid,0.6964112,25
GTGGTCACATAGACGT_hybrid,0.7146329,63
GTGGTGAAGTAATCAC_hybrid,0.7078853,54
GTGGTTATCCATCTAC_hybrid,0.7124749,62
GTGGTTATCCTCACTG_hybrid,0.7031783,39
GTGTAACCAACTACTT_hybrid,0.691857,20
GTGTAAGGTTGGCGTC_hybrid,0.700643,32
GTGTAGTCAAGTGAGA_hybrid,0.7081521,55
GTGTAGTCACATAGTA_hybrid,0.70427835,43
GTGTCCCTCGTAACTG_hybrid,0.64308214,4
GTGTCCTCACCTAATT_hybrid,0.64830023,4
GTGTGAGAGGTAGTCC_hybrid,0.6992534,29
GTGTGGCCAATCTGGG_hybrid,0.85234827,64
GTGTGGCCACCTCGTG_hybrid,0.7017539,35
GTGTGGCCATGATCGG_hybrid,0.66020197,6
GTGTGGCCATTACCAT_hybrid,0.70553595,47
GTGTGGCCATTAGAGC_hybrid,0.66609937,10
GTGTGGTTCCTTAGTC_hybrid,0.7102202,59
GTGTGTTGTCTGTGGC_hybrid,0.7085682,56
GTGTGTTGTGATGCCC_hybrid,0.29732662,1
GTGTTACGTTGAGGTA_hybrid,0.7009867,33
GTGTTAGTCATGCTAG_hybrid,0.7074149,53
GTGTTAGTCCTGCTAT_hybrid,0.6567467,6
GTGTTATAGCTGGCAT_hybrid,0.69670635,25
GTGTTATAGGTTGACC_hybrid,0.6988384,28
GTGTTCAAGCTAGCAC_hybrid,0.7069245,52
GTGTTCAAGTAGTCGC_hybrid,0.6940827,22
GTGTTCCCAAGTGTCG_hybrid,0.69751793,26
GTGTTCCCATTAGGGT_hybrid,0.70409364,43
GTTAAGCCAAGTATGC_hybrid,0.6985573,28
GTTAAGGGTTGCTCCT_hybrid,0.70338136,40
GTTAAGGGTTGGCCTA_hybrid,0.67208797,13
GTTAATGCAACTACCC_hybrid,0.70765406,54
GTTAATGCAACTAGAC_hybrid,0.70097226,33
GTTAATGCAAGCGTTG_hybrid,0.69874716,28
GTTACCCCAAACCAAC_hybrid,0.7110211,60
GTTACCCCAACATGAC_hybrid,0.70926636,58
GTTACCCCACAAGCGC_hybrid,0.70304394,39
GTTACCTTCCGTCACC_hybrid,0.71022856,59
GTTAGAGGTTAGCAAG_hybrid,0.52741796,2
GTTAGATTCATCTCAC_hybrid,0.034630287,0
GTTAGATTCCTCGATT_hybrid,0.65215826,5
GTTAGCGCAATCTAAG_hybrid,0.7017554,35
GTTAGCTGTTGAGTCT_hybrid,0.12622243,1
GTTAGCTGTTTGACTA_hybrid,0.71366215,63
GTTAGGGAGCTGGTGT_hybrid,0.7085216,56
GTTAGGTCAGCCTATC_hybrid,0.7093554,58
GTTAGGTCATCCAGCT_hybrid,0.703676,41
GTTATCTCAGTAAGTC_hybrid,0.7082693,55
GTTCAATAGCTAGACC_hybrid,0.58967435,2
GTTCACAAGAATCCAT_hybrid,0.6982363,27
GTTCACAAGCTGGGTT_hybrid,0.7002918,31
GTTCACCCAATTGCCC_hybrid,0.6897505,20
GTTCACCCATGGTAAC_hybrid,0.70198554,36
GTTCACCCATTGCCGT_hybrid,0.704842,45
GTTCACTTCACCCTGC_hybrid,0.6966636,25
GTTCATGAGCGGGAAC_hybrid,0.7076516,54
GTTCCCGCAATACAGC_hybrid,0.70017797,31
GTTCCCGCAATAGCCG_hybrid,0.7069094,51
GTTCCCTGTAGGCGTG_hybrid,0.6392365,3
GTTCCCTGTCATGAGA_hybrid,0.7087704,57
GTTCCCTGTTGGTTAC_hybrid,0.6988211,28
GTTCCGGAGCTAGGTC_hybrid,0.68728226,19
GTTCGATGTCAGCATT_hybrid,0.7142664,63
GTTCGCCTCACATAGT_hybrid,0.60823435,3
GTTCGCCTCAGCAGGA_hybrid,0.711244,61
GTTCGCCTCATGACGC_hybrid,0.69828206,27
GTTCGTCCATGGTTAA_hybrid,0.66548747,9
GTTCTCACACTTCGCG_hybrid,0.7066838,51
GTTCTCACATCCTGAC_hybrid,0.7026095,37
GTTGAAGGTGGGTCAG_hybrid,0.6927033,21
GTTGAAGGTTCGATGT_hybrid,0.6676187,11
GTTGAGGAGGCAATCC_hybrid,0.7061133,49
GTTGATTAGCCACTAA_hybrid,0.69375503,22
GTTGATTAGGAGGTAT_hybrid,0.7132176,62
GTTGATTAGTAGTCCA_hybrid,0.6822925,17
GTTGATTAGTCGAAGG_hybrid,0.7065443,50
GTTGCAATCAGCACGT_hybrid,0.70561343,48
GTTGCAATCCCTTGAT_hybrid,0.5282997,2
GTTGCAATCGTAGTCA_hybrid,0.69831145,27
GTTGCATGTTAGCACT_hybrid,0.7054612,47
GTTGCCAGTAACGACA_hybrid,0.70699793,52
GTTGCCCTCCCAATGA_hybrid,0.7044725,44
GTTGCCCTCCCCAGTC_hybrid,0.7071292,52
GTTGCGCGTTGCCTTC_hybrid,0.7028774,38
GTTGCTGGTAAGGTCA_hybrid,0.7026225,38
GTTGCTGGTGGCGCTT_hybrid,0.68800426,19
GTTGCTGGTTCGGTTG_hybrid,0.6118825,3
GTTGGGTTCAGTTCCT_hybrid,0.7059522,49
GTTGGTCAGTAGCCAC_hybrid,0.6792184,16
GTTGTACGTTAGGCCC_hybrid,0.695438,23
GTTGTACGTTGCACGC_hybrid,0.6468041,4
GTTGTGATCCCTTGAT_hybrid,0.04506127,0
TAAACGAAGTCAGTTG_hybrid,0.6961345,24
TAAACGTTCGATGGGA_hybrid,0.70333725,40
TAAACGTTCGCGAGTT_hybrid,0.6676114,11
TAAATGCTCAGGTCAC_hybrid,0.9611886,66
TAACACTAGGATCCCG_hybrid,0.7041573,43
TAACACTAGTGGCTGT_hybrid,0.7066002,51
TAACAGCCACTACCTA_hybrid,0.023282995,0
TAACAGCCATCCTCGG_hybrid,0.70957077,58
TAACCAACAAGCTCCT_hybrid,0.6656211,10
TAACCAACAAGTGAGA_hybrid,0.7057773,48
TAACCCTTCAGTGCTA_hybrid,0.7048662,45
TAACCCTTCCCTCAAT_hybrid,0.60563886,3
TAACCGATCACCCTGC_hybrid,0.699032,29
TAACCGATCACCTCAT_hybrid,0.6947037,23
TAACCGATCGTAATCG_hybrid,0.7024847,37
TAACCGATCTGGTCAA_hybrid,0.7063705,50
TAACCTAGTTGACCTG_hybrid,0.7048286,45
TAACGAAAGATAGGGT_hybrid,0.7095798,58
TAACGAAAGCTAGGCT_hybrid,0.69731855,26
TAACGAGGTCAATGTC_hybrid,0.66915727,12
TAACGAGGTTGCCTTC_hybrid,0.012460652,0
TAACGCGCAAACTATG_hybrid,0.6644776,9
TAACGGTCACCTCGTG_hybrid,0.67098475,13
TAACTCCTCTAGCCTT_hybrid,0.7037002,41
TAACTGACAGTTAGCG_hybrid,0.68473536,18
TAACTGGTCCACGGCA_hybrid,0.6844071,18
TAACTGGTCGCTGAAC_hybrid,0.70981365,59
TAACTGGTCGTGAATT_hybrid,0.7079966,55
TAACTTGGTTTGGTCG_hybrid,0.6431167,4
TAAGCACCAAGGTGCC_hybrid,0.7037833,41
TAAGCACCATGACCTC_hybrid,0.698466,28
TAAGCCATCGCGATTA_hybrid,0.69897836,29
TAAGCCTGTCTAACCG_hybrid,0.050846294,1
TAAGCGCTCCTCTCAG_hybrid,0.6974406,26
TAAGCGGAGCTGGGAA_hybrid,0.6846128,18
TAAGCGGAGTAGTAAG_hybrid,0.66598916,10
TAAGGATGTTATCGAC_hybrid,0.6936609,22
TAAGGCGAGAAGCAAC_hybrid,0.70573795,48
TAAGGCGAGCCAGTAC_hybrid,0.70701593,52
TAAGGCGAGGTGCTCG_hybrid,0.046005845,1
TAAGGCTCAATCAGTA_hybrid,0.70899934,57
TAAGGCTCAGTAAGGA_hybrid,0.7017604,35
TAAGGCTCATTACCTG_hybrid,0.69084907,20
TAAGGGGTCCGCTGGA_hybrid,0.64676505,4
TAAGGGTAGCCTGCCT_hybrid,0.70105803,33
TAAGTCACAATAGGGA_hybrid,0.681267,17
TAAGTGAAGTAGGGCA_hybrid,0.67347664,13
TAAGTGAAGTTGGGTC_hybrid,0.6656029,10
TAATAGCTCTGGCACG_hybrid,0.69948626,29
TAATCACAGAACCTTG_hybrid,0.7042075,43
TAATCAGCAATAGGGA_hybrid,0.7077892,54
TAATCAGCATCCTAAT_hybrid,0.69569045,24
TAATCCTCAAGTGCTG_hybrid,0.67897767,16
TAATCCTCACTCAACC_hybrid,0.697134,26
TAATGGGGTTATGCGT_hybrid,0.7016548,34
TAATGGGGTTGGCTAT_hybrid,0.6538246,5
TAATGTCAGTTGGGCT_hybrid,0.6953234,23
TACAACTAGCTAATCG_hybrid,0.70404786,42
TACAAGCCAAGTAGGA_hybrid,0.8836906,65
TACAAGCCATGAGTTA_hybrid,0.66392386,8
TACAAGCCATGCTCCG_hybrid,0.7085445,56
TACAAGGGTGAACGTA_hybrid,0.68613756,18
TACAAGGGTTGGCTGC_hybrid,0.7017195,35
TACAATGCATAAGCCG_hybrid,0.6993316,29
TACAATGCATCCTGCG_hybrid,0.71097654,60
TACACCGGTTTAGCCG_hybrid,0.6965296,25
TACACCTTCCCGCTTA_hybrid,0.70715445,52
TACACTAGTTAGCCGC_hybrid,0.032499794,0
TACACTTCAGGCATCA_hybrid,0.67861265,15
TACAGATTCGTAGTTG_hybrid,0.8226491,64
TACAGCGCAAGTTCAA_hybrid,0.7017949,35
TACAGCGCATAACCGG_hybrid,0.6943842,22
TACAGGCTCCTTAGAG_hybrid,0.6987377,28
TACAGGCTCTGGGCAT_hybrid,0.68001693,16
TACAGGTCAATGACAC_hybrid,0.6682792,11
TACAGGTCACTATATC_hybrid,0.70321745,39
TACAGGTCAGCTACTC_hybrid,0.70140874,34
TACAGGTCATCAATCT_hybrid,0.69766086,26
TACAGTTAGGGGACAC_hybrid,0.6965467,25
TACATAGCACTCGGTT_hybrid,0.65886337,6
TACATCAGTGCGCCAT_hybrid,0.66029656,7
TACATGACAATCAAGC_hybrid,0.6994177,29
TACATTCCAATGGAGA_hybrid,0.70026934,31
TACCAATAGCATGCCG_hybrid,0.7079977,55
TACCACAAGCAACCCG_hybrid,0.040024836,0
TACCACAAGGCGTAAG_hybrid,0.70249015,37
TACCACGGTGAACGTA_hybrid,0.70379144,42
TACCATAGTAAGGTTG_hybrid,0.6408307,4
TACCATTCACAACGGC_hybrid,0.6930577,21
TACCATTCATTACACT_hybrid,0.7138883,63
TACCATTCATTACCGC_hybrid,0.9200944,66
TACCCAAAGGTCATAT_hybrid,0.66391414,8
TACCCATTCAATCACG_hybrid,0.6726475,13
TACCCCATCACATACG_hybrid,0.69205505,21
TACCCCTGTCAACGGG_hybrid,0.7018374,35
TACCCCTGTCAACTAC_hybrid,0.66555685,10
TACCCCTGTGCAACGG_hybrid,0.70223504,36
TACCCGCTCACCAAGC_hybrid,0.7018894,35
TACCCGCTCCGTATGA_hybrid,0.69730705,26
TACCCTTAGTTGGTGC_hybrid,0.70241624,37
TACCGACAGCTTCCGC_hybrid,0.69434357,22
TACCGCCTCAGGAAGT_hybrid,0.695335,23
TACCTAAGTCAATCAC_hybrid,0.6966758,25
TACCTAGAGGTCATTG_hybrid,0.7012203,33
TACCTCACAATCGACG_hybrid,0.7056605,48
TACCTCACACTTGCGT_hybrid,0.70237017,37
TACCTCCGTGGACACG_hybrid,0.683185,17
TACCTCCGTTCGCGGT_hybrid,0.6902859,20
TACCTGAAGAAGCGTG_hybrid,0.68973863,20
TACCTGAAGGTCCACG_hybrid,0.7092346,58
TACCTTGCATTGGAAC_hybrid,0.69983846,30
TACGAACCAACCGTGA_hybrid,0.66621894,10
TACGAGGAGGCAAGTG_hybrid,0.69773203,26
TACGAGGAGGTGATGG_hybrid,0.6939639,22
TACGAGTCAAGTAGAG_hybrid,0.7065125,50
TACGATTAGTCATGCA_hybrid,0.6945109,22
TACGCATGTTAGTTGC_hybrid,0.70809156,55
TACGCCCTCTAGCTTC_hybrid,0.7006062,32
TACGCCTCAGCTCGTT_hybrid,0.7055909,48
TACGCTAAGTGGGTAG_hybrid,0.67205524,13
TACGCTGGTCAACCAT_hybrid,0.6648172,9
TACGGGCCAGCTCAGA_hybrid,0.657237,6
TACGGTTGTAAGTTCC_hybrid,0.6628938,7
TACGTAGTCAATCCAG_hybrid,0.7087947,57
TACGTAGTCGACATGC_hybrid,0.6891565,19
TACGTAGTCGTTCCAT_hybrid,0.6957515,24
TACGTCAAGCGGTCCA_hybrid,0.6725856,13
TACGTCAAGGCATGGA_hybrid,0.70727026,53
TACGTCAAGTGCTCAA_hybrid,0.65465486,5
TACGTTGAGTGCTCAA_hybrid,0.6556783,5
TACTACCTCAGGCAAG_hybrid,0.6839869,17
TACTACCTCAGTTAGT_hybrid,0.71102905,60
TACTACCTCATAGATC_hybrid,0.68537873,18
TACTACTCAAGTCCAG_hybrid,0.7091859,57
TACTACTCACCTACTA_hybrid,0.68115103,17
TACTATGGTCATCCCT_hybrid,0.7085336,56
TACTATGGTCTGTCCT_hybrid,0.70113575,33
TACTCATCAACTAGAC_hybrid,0.7073058,53
TACTCATCAATCTCTG_hybrid,0.88096476,65
TACTCCACAATTCGTT_hybrid,0.69294566,21
TACTGGATCGAGTCTA_hybrid,0.7077627,54
TACTGGATCTATGTGG_hybrid,0.6695226,12
TACTGTGAGCGATTCA_hybrid,0.70998305,59
TACTGTGAGTTACCGA_hybrid,0.054423884,1
TACTTAGGTTTCCAGG_hybrid,0.7022683,37
TACTTCATCCTTAGCT_hybrid,0.58956,2
TACTTCATCGCATCAA_hybrid,0.7112425,61
TACTTGCTCACCTATC_hybrid,0.6677218,11
TACTTGCTCGCATACA_hybrid,0.7124221,62
TAGCAAGGTGAGCGCA_hybrid,0.70787084,54
TAGCAAGGTTCACTGG_hybrid,0.942748,66
TAGCAAGGTTGGCGCT_hybrid,0.6721051,13
TAGCATTAGGCTTCGG_hybrid,0.70562726,48
TAGCCAATCCAGATAT_hybrid,0.7009087,33
TAGCCACAGAATCGAA_hybrid,0.8369966,64
TAGCCACAGTTGCGTA_hybrid,0.6655286,9
TAGCCAGCAATTACGA_hybrid,0.7077319,54
TAGCGAAGTCAACGAA_hybrid,0.6998006,30
TAGCGAAGTGGGTCAG_hybrid,0.70906353,57
TAGCGAAGTTTCCTGC_hybrid,0.7009974,33
TAGCGGTTCGCGTCGA_hybrid,0.70031935,31
TAGCTCAAGCGAGTGA_hybrid,0.6986962,28
TAGCTCAAGTTACCCT_hybrid,0.700652,32
TAGCTCAAGTTGGGTC_hybrid,0.66365874,8
TAGCTCCCAGTTGCGA_hybrid,0.70996076,59
TAGCTTGAGCCCTGGA_hybrid,0.7067997,51
TAGGAGTAGCTGGAAG_hybrid,0.692111,21
TAGGAGTAGGGCTTAC_hybrid,0.6511338,5
TAGGATGGTTTAGTGC_hybrid,0.7119631,61
TAGGCAAGTCAGTTAC_hybrid,0.69899875,29
TAGGCAAGTGATGCCC_hybrid,0.6947913,23
TAGGCCACAATTCGTT_hybrid,0.70436233,43
TAGGCCACACTAACCC_hybrid,0.7080257,55
TAGGCTGCACCATCCG_hybrid,0.7117502,61
TAGGCTTGTAAGCACA_hybrid,0.7032351,40
TAGGCTTGTGCACCGT_hybrid,0.7022588,36
TAGGCTTGTGGAGCTG_hybrid,0.71199155,61
TAGGCTTGTTCCCATC_hybrid,0.6875722,19
TAGGCTTGTTTCAGGT_hybrid,0.70432514,43
TAGGGCTTCACATGAT_hybrid,0.70605034,49
TAGGGTAGTAAGCCAA_hybrid,0.6670671,11
TAGGGTAGTAGGTGCG_hybrid,0.6778484,15
TAGGGTAGTCAAGGCG_hybrid,0.69566077,24
TAGGGTAGTGGAGCAT_hybrid,0.69526947,23
TAGGGTGAGCTTACGA_hybrid,0.6668027,10
TAGGGTTCAACGGCTA_hybrid,0.70052904,32
TAGGGTTCACCATAGG_hybrid,0.66702694,11
TAGGGTTCATCACGGA_hybrid,0.70883113,57
TAGGTAGGTTAGTGGA_hybrid,0.6956545,24
TAGGTCATCAGTACGC_hybrid,0.6967521,25
TAGGTCATCGTGAGGA_hybrid,0.7030265,39
TAGGTGAGTATAGCCT_hybrid,0.8226082,64
TAGGTGAGTCTAGCTG_hybrid,0.7043156,43
TAGGTGAGTGCGATGG_hybrid,0.6889692,19
TAGGTTTAGATTGAGA_hybrid,0.70076233,32
TAGGTTTAGCAGGTGA_hybrid,0.703689,41
TAGGTTTAGGAGTAAC_hybrid,0.70925546,58
TAGTACCGTCATGATC_hybrid,0.71112597,60
TAGTACCGTTCACCGA_hybrid,0.70124173,34
TAGTACCGTTTGACCG_hybrid,0.6981865,27
TAGTCAACACTACCAC_hybrid,0.66924185,12
TAGTCCTTCAGCGACT_hybrid,0.6297041,3
TAGTTAGCATAGGGCC_hybrid,0.6971242,26
TAGTTCTCAATATCTC_hybrid,0.70948124,58
TAGTTTCCACAATGAC_hybrid,0.7034329,40
TAGTTTGGTGCGGATG_hybrid,0.69671756,25
TATACAGCAAGTGTCG_hybrid,0.6832923,17
TATACAGCACAGGCGT_hybrid,0.68543917,18
TATACCCTCACCTTAC_hybrid,0.7064479,50
TATAGGCCATCGGTGA_hybrid,0.67836267,15
TATAGTCAGATTGAGA_hybrid,0.7052661,46
TATCACCTCAATCAGT_hybrid,0.70758224,54
TATCACCTCATGACGC_hybrid,0.6583612,6
TATCACCTCCAGCGAT_hybrid,0.70633477,50
TATCACCTCGATCACA_hybrid,0.6775428,15
TATCATGGTCAGCATT_hybrid,0.645683,4
TATCCATCACCACATC_hybrid,0.6606231,7
TATCCGCCATGGATAC_hybrid,0.7017713,35
TATCCGCCATTCATGT_hybrid,0.70452297,44
TATCCGTTCAGTTAGT_hybrid,0.6702699,12
TATCCTTGTTGAGTCT_hybrid,0.66724247,11
TATCCTTGTTTCGGCA_hybrid,0.7065512,50
TATCGAACAACATCAA_hybrid,0.70837206,56
TATCGCTTCACCCTTG_hybrid,0.7058122,48
TATCGTAGTATTAGCC_hybrid,0.71649677,63
TATCGTAGTTCTGTGG_hybrid,0.70540553,47
TATCTCATCAGCCCGA_hybrid,0.7070292,52
TATCTTGTCAGCATAT_hybrid,0.92054343,66
TATGAGAAGCGATGCT_hybrid,0.56555605,2
TATGATGCAAGTATGC_hybrid,0.6790875,16
TATGCAACATCGTTGC_hybrid,0.7132017,62
TATGCCCCACCTCACG_hybrid,0.7052783,46
TATGCTAGTCCATAGT_hybrid,0.70480645,45
TATGCTAGTGAGTTAG_hybrid,0.7091207,57
TATGGCCAGGTATCCA_hybrid,0.70585054,48
TATGGCTGTTCGGCAC_hybrid,0.6897535,20
TATGGGTCACATGACG_hybrid,0.70857024,56
TATGGGTCAGGAGCAG_hybrid,0.7021948,36
TATGGTTAGCAACCTA_hybrid,0.698932,28
TATGGTTAGGTACTAT_hybrid,0.710086,59
TATGTCAGTGATCCTG_hybrid,0.70466423,44
TATGTCAGTTGTAGAG_hybrid,0.70887434,57
TATGTTGGTAGCGCCT_hybrid,0.6694572,12
TCAAACTAGCCCGTGA_hybrid,0.7119289,61
TCAAACTAGCCTGCTC_hybrid,0.6558221,5
TCAAAGCCACATAGAC_hybrid,0.70256823,37
TCAAAGCCACCTCGTG_hybrid,0.65692306,6
TCAAAGGGTGCGGTTC_hybrid,0.7115495,61
TCAAATGCACTTGCCG_hybrid,0.7052452,46
TCAACTGAGGAACTAA_hybrid,0.7044913,44
TCAATCCTCCATCGCC_hybrid,0.70288426,38
TCAATCTCACATTCGC_hybrid,0.6638651,8
TCAATCTCAGGATCAT_hybrid,0.7086268,56
TCAATTGGTCAGGATA_hybrid,0.7021549,36
TCAATTGGTTCGGCTA_hybrid,0.67890894,16
TCACAATAGTGCGGAA_hybrid,0.66571754,10
TCACACAAGGAATGAC_hybrid,0.6699184,12
TCACACGGTAAGCGCG_hybrid,0.7022926,37
TCACACGGTATAGCGA_hybrid,0.70598936,49
TCACACGGTTGCTGGC_hybrid,0.89494485,65
TCACATGAGCGAATCC_hybrid,0.70043576,32
TCACATGAGCTGAGTC_hybrid,0.70504254,46
TCACATTCAATGTGCG_hybrid,0.6998212,30
TCACATTCACTTGAGG_hybrid,0.8252218,64
TCACATTCATAGGCAT_hybrid,0.7069253,52
TCACCAAAGCCTTCGC_hybrid,0.7062882,50
TCACCCGCAGGTATCG_hybrid,0.68258595,17
TCACCCTGTGCGCATC_hybrid,0.72576994,64
TCACGAATCCGTCAGG_hybrid,0.67608356,14
TCACGACAGCCTATCT_hybrid,0.69956803,30
TCACGACAGCTACAGC_hybrid,0.69570047,24
TCACGACAGGCACATC_hybrid,0.70063007,32
TCACGATGTAACGTCT_hybrid,0.7064813,50
TCACGGGTCGTTAGCA_hybrid,0.7033552,40
TCACGTAAGGCGCTTG_hybrid,0.6627172,7
TCACGTCCATAGGCAT_hybrid,0.704733,45
TCACTCCGTTGCGACC_hybrid,0.90233535,65
TCACTCCGTTGCGTCA_hybrid,0.6955464,24
TCACTGTTCCGGTACG_hybrid,0.67446005,14
TCACTTATCTATCAGG_hybrid,0.69832754,27
TCACTTGCAAGCGAGG_hybrid,0.66684234,11
TCACTTGCACTAAGGT_hybrid,0.8561209,64
TCAGATTAGTGCTGGT_hybrid,0.70543015,47
TCAGATTAGTTGCAGC_hybrid,0.67842233,15
TCAGCAATCACAGCTA_hybrid,0.02359899,0
TCAGCATGTTAGGGAC_hybrid,0.70555574,47
TCAGCATGTTTGGTCG_hybrid,0.69487387,23
TCAGCTAAGCCGCATG_hybrid,0.70513827,46
TCAGCTAAGCGATTGC_hybrid,0.7092431,58
TCAGGTCAGAAGCAAC_hybrid,0.7066029,51
TCAGGTTGTTATCCTT_hybrid,0.6927511,21
TCAGGTTGTTTGATGC_hybrid,0.70068085,32
TCAGTAACATTAACGA_hybrid,0.045121226,0
TCAGTAGTCCGTAGAC_hybrid,0.7055376,47
TCAGTCAAGTGGCAAG_hybrid,0.7010497,33
TCAGTTAGTTATCGCG_hybrid,0.70582575,48
TCAGTTGAGCGACTAC_hybrid,0.702697,38
TCAGTTGAGGTAGGGC_hybrid,0.6564586,5
TCATAACAGAAGCGTG_hybrid,0.6996025,30
TCATAACAGGCTAGAG_hybrid,0.70316625,39
TCATAACAGTCATACG_hybrid,0.7119352,61
TCATAGGTCCTCACTG_hybrid,0.6608763,7
TCATATGGTGGCCTAC_hybrid,0.7083071,55
TCATCAAGTTGTCCGA_hybrid,0.685413,18
TCATCATCAAACTGTA_hybrid,0.69830936,27
TCATCATCACTAGGTG_hybrid,0.67396176,14
TCATCGCCAAATGGTC_hybrid,0.7068035,51
TCATCGCCATAGATCA_hybrid,0.6632018,8
TCATCGTTCAATCTCC_hybrid,0.68252593,17
TCATCTATCCTCTAAC_hybrid,0.70374846,41
TCATGCAAGCATTAAC_hybrid,0.6995999,30
TCATGCTTCCATCAGA_hybrid,0.6804899,16
TCATGCTTCCTGTCCA_hybrid,0.68780285,19
TCATGCTTCCTTCGAT_hybrid,0.70077634,32
TCATGGGCACTAACGG_hybrid,0.70807904,55
TCATGTTCACTCAAGG_hybrid,0.71385634,63
TCATGTTCATGATATG_hybrid,0.6956685,24
TCATTAGGTTATGCGT_hybrid,0.6987283,28
TCATTCATCAGCGAAG_hybrid,0.6922799,21
TCCAAAGTCCGGGTAT_hybrid,0.7069058,51
TCCAAAGTCGAACCTA_hybrid,0.6980965,27
TCCAACTTCGAGTGGA_hybrid,0.7050453,46
TCCAAGGCATCGTAGG_hybrid,0.7025168,37
TCCAATAGTGCAGCTC_hybrid,0.7003714,31
TCCACACCAATGCCAG_hybrid,0.71197116,61
TCCACACCACAATGGT_hybrid,0.7045547,44
TCCACACCACCTCAAC_hybrid,0.7119835,61
TCCACACCAGCAGGCT_hybrid,0.66803753,11
TCCACATTCGAACCCG_hybrid,0.6996879,30
TCCACATTCGTGCCCT_hybrid,0.70381784,42
TCCACCATCACATGCA_hybrid,0.7073377,53
TCCACCTGTCAATGTC_hybrid,0.7139337,63
TCCACCTGTTAACCAC_hybrid,0.7091575,57
TCCAGCTCACTCATAT_hybrid,0.67902327,16
TCCAGCTCACTTACAT_hybrid,0.7039239,42
TCCAGCTCAGCTAACG_hybrid,0.92970973,66
TCCAGGCGTCAGTAGA_hybrid,0.70865005,56
TCCAGGTAGCGCTGCA_hybrid,0.6972128,26
TCCAGGTAGGTACACC_hybrid,0.71457046,63
TCCAGGTAGGTGACAG_hybrid,0.7041212,43
TCCAGTTTCCGCGTCT_hybrid,0.6761561,14
TCCATAAGTAAGTGGC_hybrid,0.65689987,6
TCCATCCGTTAGGTTC_hybrid,0.7043313,43
TCCATCCGTTTAGGAG_hybrid,0.6528497,5
TCCATGAAGGCACAGA_hybrid,0.7011067,33
TCCATTCAGCAAGGGC_hybrid,0.698508,28
TCCATTCAGGGGCATA_hybrid,0.6997553,30
TCCCAACCAAGCTGTG_hybrid,0.69418496,22
TCCCAACCAAGTGGTT_hybrid,0.6674314,11
TCCCAACCACTTGGTC_hybrid,0.7024042,37
TCCCAATTCGTTAAGT_hybrid,0.017055009,0
TCCCACGCACATGCTC_hybrid,0.7075279,54
TCCCAGCTCATGGCGT_hybrid,0.71252453,62
TCCCAGCTCCGCCATC_hybrid,0.7005611,32
TCCCAGCTCCTCTCAG_hybrid,0.68066305,16
TCCCAGCTCTGTGAGC_hybrid,0.701909,35
TCCCATTAGGCGATCT_hybrid,0.7045163,44
TCCCCAATCTGGTACA_hybrid,0.70112276,33
TCCCCTGGTTGCTGGC_hybrid,0.71041495,59
TCCCGAAGTGGCTGAG_hybrid,0.70596105,49
TCCCTAACAGCTCAGA_hybrid,0.71240014,62
TCCCTAGTCGCTATGA_hybrid,0.6986705,28
TCCCTCAAGGTGACAG_hybrid,0.7072968,53
TCCCTCAAGTTGGGTC_hybrid,0.67638844,14
TCCCTGATCAGTACGC_hybrid,0.6871006,19
TCCCTTGAGCGATAGG_hybrid,0.664022,8
TCCTAATCACAGGGCT_hybrid,0.9505342,66
TCCTATATCCAACCTT_hybrid,0.7046166,44
TCCTATATCCAGGTTA_hybrid,0.70743626,53
TCCTATATCGATAGCC_hybrid,0.7044686,44
TCCTATTGTAAGCTAG_hybrid,0.6998778,30
TCCTATTGTCTAAGGA_hybrid,0.7065102,50
TCCTCAACAAGCGCGT_hybrid,0.66639936,10
TCCTCGATCCCAGACG_hybrid,0.7022649,36
TCCTCTTCAAGTGAGA_hybrid,0.70172656,35
TCCTTAATCATAGATC_hybrid,0.8523915,64
TCCTTAATCCTGAAGC_hybrid,0.69906956,29
TCCTTATGTTGCTGAT_hybrid,0.70701694,52
TCCTTCCTCGCTGATA_hybrid,0.67640406,14
TCCTTCTCACCATAGG_hybrid,0.70133156,34
TCCTTGGTCAAGTATC_hybrid,0.67242604,13
TCCTTGGTCCCTCAAT_hybrid,0.7011965,33
TCCTTGGTCCGGACAT_hybrid,0.6618174,7
TCGAATTAGCTTACCT_hybrid,0.7110498,60
TCGACACAGTGCCGTG_hybrid,0.7061306,49
TCGACCAGTAATGCGA_hybrid,0.69683576,25
TCGACCAGTGCGGTGA_hybrid,0.70347327,40
TCGACCAGTTAACCAC_hybrid,0.7073408,53
TCGACCAGTTTCGGCA_hybrid,0.68376756,17
TCGACGTAGCCCTGTC_hybrid,0.7074344,53
TCGACTAAGGATGACG_hybrid,0.7031345,39
TCGACTAAGGATGGGC_hybrid,0.67188174,13
TCGATATAGGTCCACG_hybrid,0.70938253,58
TCGATCAAGCCCTGAG_hybrid,0.7014093,34
TCGATCAAGGTTGCTA_hybrid,0.70145005,34
TCGCAAATCACCCTGC_hybrid,0.7013779,34
TCGCAAATCCTGGGAT_hybrid,0.70900255,57
TCGCAAATCCTGTCTG_hybrid,0.025224965,0
TCGCAAATCCTTAGCT_hybrid,0.689277,19
TCGCAAATCGACTAAT_hybrid,0.6972313,26
TCGCAATGTAGCTATC_hybrid,0.70858765,56
TCGCAATGTAGCTGGG_hybrid,0.7371963,64
TCGCAATGTGAACCTT_hybrid,0.711583,61
TCGCAATGTGGCGCAA_hybrid,0.05102245,1
TCGCAATGTTCGCATG_hybrid,0.684721,18
TCGCATAAGGTTCGGT_hybrid,0.716466,63
TCGCATAAGTTGGACC_hybrid,0.8750223,65
TCGCATCCAACTTAGA_hybrid,0.66859967,12
TCGCATGGTGGACTAA_hybrid,0.70111483,33
TCGCATTTCAATCTCC_hybrid,0.6978273,27
TCGCATTTCGACTGCG_hybrid,0.7065506,50
TCGCCAAGTTGACCTG_hybrid,0.6969161,25
TCGCCTATCGATTCAG_hybrid,0.70115864,33
TCGCCTGCAACCGGAC_hybrid,0.69167334,20
TCGCCTGCAACTGGGC_hybrid,0.650177,4
TCGCCTGCAGGGCAGA_hybrid,0.66716397,11
TCGCCTTGTCATCCTC_hybrid,0.68986607,20
TCGCCTTGTTCGGGTC_hybrid,0.7089053,57
TCGCCTTGTTTCGATA_hybrid,0.7018683,35
TCGCGATAGATTAGCT_hybrid,0.6891453,19
TCGCGATAGTCATCCT_hybrid,0.70939445,58
TCGCGATAGTGTCCTT_hybrid,0.6971651,26
TCGCGGATCGCGTGTG_hybrid,0.6651659,9
TCGCGGATCTATCACC_hybrid,0.6937328,22
TCGCTAAAGTGAGTCC_hybrid,0.664292,9
TCGCTCTGTCTTGCTC_hybrid,0.70899105,57
TCGCTGCTCCGGAACT_hybrid,0.71131,61
TCGCTTACATGCTCCG_hybrid,0.6624507,7
TCGCTTGTCACGCGCA_hybrid,0.7182636,63
TCGCTTGTCTATCGTC_hybrid,0.6977153,26
TCGGCAACATCAAGCG_hybrid,0.689854,20
TCGGCCAAGGAATGAC_hybrid,0.70850706,56
TCGGCCAAGGAGGATT_hybrid,0.7039798,42
TCGGCCAAGGCATCAC_hybrid,0.7039461,42
TCGGCTAGTATGGGTA_hybrid,0.69662076,25
TCGGCTAGTGAGCCGA_hybrid,0.7069474,52
TCGGCTAGTTAGCTGT_hybrid,0.7093011,58
TCGGCTAGTTGTGGCC_hybrid,0.6651184,9
TCGGGCATCCCCAATT_hybrid,0.6989051,28
TCGGGGTCAGTTAGCG_hybrid,0.7050202,45
TCGGGTTAGCATTAGT_hybrid,0.6940582,22
TCGGGTTAGTAGCTCA_hybrid,0.6942721,22
TCGGTAATCCTTAGTC_hybrid,0.71014315,59
TCGGTAATCTGGGCAT_hybrid,0.6588614,6
TCGGTTAAGCTAATGT_hybrid,0.70188767,35
TCGTAATAGCGCCACA_hybrid,0.67136705,13
TCGTAATAGGTAGCCT_hybrid,0.7037865,41
TCGTCACCACCTTGCG_hybrid,0.6761088,14
TCGTCATTCAATCGGC_hybrid,0.70733774,53
TCGTCATTCATGGCGT_hybrid,0.70554113,47
TCGTCCATCCAGCTCC_hybrid,0.69677913,25
TCGTGAATCTCATGTC_hybrid,0.7022364,36
TCGTGATGTGAAGGTC_hybrid,0.70404404,42
TCGTGATGTTAGTGCT_hybrid,0.67023724,12
TCGTGCCTCCGTAGAC_hybrid,0.71176493,61
TCGTGGACATAACGAC_hybrid,0.66178316,7
TCGTGTCCATAAGGAG_hybrid,0.70326966,40
TCGTTAGAGGGTATCC_hybrid,0.6966154,25
TCGTTGAAGCCGACTG_hybrid,0.70504045,45
TCGTTGGGTTAGCTGT_hybrid,0.70097387,33
TCGTTTCAGTACGCAC_hybrid,0.70709985,52
TCGTTTGCATCCGTCG_hybrid,0.66282403,7
TCGTTTGCATTAGGGT_hybrid,0.702331,37
TCTAACCTCGCGTCGA_hybrid,0.7125117,62
TCTAAGGTCAGCCACG_hybrid,0.66346985,8
TCTAAGGTCATAGACT_hybrid,0.7033072,40
TCTAAGGTCCATCAGA_hybrid,0.7066615,51
TCTAAGGTCGTGATGC_hybrid,0.7018815,35
TCTAATGGTCTCCATC_hybrid,0.7000833,31
TCTAATGGTTCAAGTC_hybrid,0.700764,32
TCTACATCAGCTACTC_hybrid,0.7070396,52
TCTACATCATTCGGGA_hybrid,0.6890613,19
TCTACGAAGTGCTGGT_hybrid,0.702381,37
TCTACGGGTGGACTAA_hybrid,0.6704189,12
TCTACTATCGATGTCA_hybrid,0.69931155,29
TCTACTATCGCATAGC_hybrid,0.70164126,34
TCTACTTGTATGGAGC_hybrid,0.7039392,42
TCTACTTGTTACACTA_hybrid,0.6889367,19
TCTAGCGGTCATGTCG_hybrid,0.6963046,24
TCTAGCTTCATCACGA_hybrid,0.85100466,64
TCTAGCTTCCTGATTC_hybrid,0.69892627,28
TCTATAGGTAGTTGCT_hybrid,0.5969029,2
TCTATCGCACTCATGC_hybrid,0.66658455,10
TCTATCGCAGTTGCTC_hybrid,0.7096151,58
TCTATCTGTCAAGGGT_hybrid,0.7157229,63
TCTATCTGTCTAGGTT_hybrid,0.7086711,56
TCTATGAGTATTAGCC_hybrid,0.70715535,52
TCTATGAGTGAGACGT_hybrid,0.6557228,5
TCTATTGTCAGCCAAC_hybrid,0.6453648,4
TCTCACTAGGATGACG_hybrid,0.70845807,56
TCTCAGCCAAAGGAAT_hybrid,0.7058693,48
TCTCATATCCCAGATA_hybrid,0.7062862,50
TCTCATCAGGTTCACA_hybrid,0.70554554,47
TCTCATTGTCCATTCC_hybrid,0.7050604,46
TCTCCAACATCGGTAG_hybrid,0.7022533,36
TCTCCATAGCTAGGCT_hybrid,0.69934905,29
TCTCCATAGGCTATAT_hybrid,0.7048298,45
TCTCGAGGTAAGCGTA_hybrid,0.8059948,64
TCTCGATTCACACATG_hybrid,0.7097595,59
TCTCGATTCACACTGA_hybrid,0.7010323,33
TCTCGATTCGTAGTTG_hybrid,0.7087558,56
TCTCGATTCGTGCCCT_hybrid,0.6957455,24
TCTCGCATCTAAGCGC_hybrid,0.6561549,5
TCTCGCGCATCATCTG_hybrid,0.56186324,2
TCTCGTTAGTCGCAGT_hybrid,0.66717285,11
TCTCGTTAGTGAGGAT_hybrid,0.7053341,47
TCTCTAATCACCAGTA_hybrid,0.69242543,21
TCTCTAATCCATTCGT_hybrid,0.70255035,37
TCTCTAGCAACCAGTG_hybrid,0.6928047,21
TCTCTAGCAATGTATG_hybrid,0.7075595,54
TCTCTAGCATAGGGTT_hybrid,0.70755243,54
TCTCTATGTGATGACA_hybrid,0.70889735,57
TCTCTATGTGCGTGTC_hybrid,0.71101904,60
TCTCTCCTCCTGAAGC_hybrid,0.66223836,7
TCTCTCCTCTGTGGCG_hybrid,0.7015977,34
TCTGACAAGAATCCTG_hybrid,0.6217383,3
TCTGACTTCACTCCGC_hybrid,0.7142739,63
TCTGACTTCCGTTACT_hybrid,0.7072805,53
TCTGACTTCGATTAGT_hybrid,0.6769934,15
TCTGAGGCATGCTCCG_hybrid,0.7062673,50
TCTGATAGTGAACGAC_hybrid,0.71330637,62
TCTGATGAGCCTGATA_hybrid,0.6637468,8
TCTGATGAGTTAATGC_hybrid,0.7070074,52
TCTGCAAAGAAGGTGT_hybrid,0.68113536,17
TCTGCACCAAAGGCCC_hybrid,0.6582427,6
TCTGCAGGTAGTCCCA_hybrid,0.6999045,31
TCTGCATTCCCTGATT_hybrid,0.70355856,41
TCTGCATTCGTCTATC_hybrid,0.90508497,65
TCTGCCATCGCGTGAT_hybrid,0.70994675,59
TCTGCCTGTTACACGT_hybrid,0.50403583,1
TCTGCGAGTTCGCTAG_hybrid,0.70506585,46
TCTGCGGAGCATGTGC_hybrid,0.6963348,24
TCTGCGGAGCCGAGTT_hybrid,0.667488,11
TCTGCGGAGCGCTACG_hybrid,0.7051289,46
TCTGGATGTAATCCTA_hybrid,0.7067938,51
TCTGGATGTTCGCATG_hybrid,0.7059992,49
TCTGGGTAGAATCGCC_hybrid,0.70230895,37
TCTGGGTAGATAGACA_hybrid,0.7156876,63
TCTGGTAAGGGTCTGT_hybrid,0.6675744,11
TCTGGTAAGTAGCGAG_hybrid,0.7074573,53
TCTGTGAAGCCTCTCA_hybrid,0.66016895,6
TCTGTGAAGCGAATGG_hybrid,0.14905065,1
TGAAACCCATTAGGTA_hybrid,0.6694772,12
TGAAACTTCTATCCGT_hybrid,0.70130503,34
TGAAAGGCAATGCGTG_hybrid,0.7023518,37
TGAAAGGCATCGGTCT_hybrid,0.67542887,14
TGAACAGGTGAGAGGA_hybrid,0.7071851,53
TGAACAGGTTAGCCGC_hybrid,0.70552516,47
TGAACCATCTGTGCAA_hybrid,0.69491106,23
TGAACCCAGCGATAGG_hybrid,0.71612936,63
TGAACCGCACATGAAC_hybrid,0.92511183,66
TGAACCTGTAGGCGAT_hybrid,0.6834963,17
TGAACTTAGTAGCCGT_hybrid,0.7015442,34
TGAACTTAGTCTAGGC_hybrid,0.70770574,54
TGAATAGAGGATAGTA_hybrid,0.66382074,8
TGAATAGAGGCATGTC_hybrid,0.70587945,49
TGAATAGAGGTTAATC_hybrid,0.5852845,2
TGAATCCGTTTAATCG_hybrid,0.70911694,57
TGAATGAAGCTGGGAA_hybrid,0.716421,63
TGAATGAAGGTAGAGT_hybrid,0.6931175,21
TGAATGGGTGGACTGG_hybrid,0.7110232,60
TGAATGGGTGGGTCAG_hybrid,0.63899904,3
TGAATGTTCCATCGGG_hybrid,0.6708141,13
TGAATGTTCGTGACTA_hybrid,0.88343436,65
TGAATTGCAAGTAGAG_hybrid,0.66600156,10
TGACACGCACCAGGGT_hybrid,0.69993204,31
TGACACGCATTGACGG_hybrid,0.71032673,59
TGACCAATCACTCGGG_hybrid,0.7082095,55
TGACCAATCCCAGGAT_hybrid,0.6977727,26
TGACCAGCACCACAGA_hybrid,0.67800856,15
TGACCAGCATCCTGGT_hybrid,0.69524777,23
TGACCCTCAACATGCG_hybrid,0.70610446,49
TGACCCTCAAGTATGC_hybrid,0.7057829,48
TGACCCTCATGAGTTA_hybrid,0.8354517,64
TGACCTAAGGCTACCG_hybrid,0.7098818,59
TGACGGGGTCCATCTC_hybrid,0.70675945,51
TGACGGTTCCCTCGGT_hybrid,0.686093,18
TGACGTTGTGGACCGA_hybrid,0.70355207,41
TGAGATGGTGCGTGGA_hybrid,0.67551655,14
TGAGCATCAATCTGCC_hybrid,0.66902304,12
TGAGCATCAGGGCTGT_hybrid,0.66756386,11
TGAGCCACAAGCTGGC_hybrid,0.6956222,24
TGAGCCACACATATAG_hybrid,0.66176355,7
TGAGCCCGTTATCATG_hybrid,0.66419095,9
TGAGCCCGTTGAGTAG_hybrid,0.6604674,7
TGAGCGAAGCAAGCGA_hybrid,0.6618529,7
TGAGCTATCCATTACC_hybrid,0.70567846,48
TGAGCTATCCGTATAG_hybrid,0.67451227,14
TGAGCTATCGAATGAA_hybrid,0.7005056,32
TGAGCTATCGACTGGT_hybrid,0.7066651,51
TGAGCTATCGTGAACC_hybrid,0.6827066,17
TGAGCTGCACCAACTC_hybrid,0.6597076,6
TGAGCTGCACTTAGCC_hybrid,0.7090158,57
TGAGCTGCAGTTGGCA_hybrid,0.6661767,10
TGAGCTTGTTGCGTAT_hybrid,0.70854914,56
TGAGGAACAAACCCGA_hybrid,0.66135144,7
TGAGGAACACAGGACC_hybrid,0.71349937,62
TGAGGATAGCCAATCA_hybrid,0.6875283,19
TGAGGCAAGATACTCG_hybrid,0.7075318,54
TGAGGCAAGCATAGGG_hybrid,0.6718365,13
TGAGGCTTCACCTATC_hybrid,0.70801866,55
TGAGGTAGTGATGCCC_hybrid,0.69891655,28
TGAGGTTCAGGCAGAG_hybrid,0.66974926,12
TGAGGTTCATAATTCC_hybrid,0.70097226,33
TGAGTAAAGGTCGATC_hybrid,0.655717,5
TGAGTAGGTCAATGGA_hybrid,0.6981534,27
TGAGTAGGTCAGCATT_hybrid,0.7055576,47
TGAGTAGGTTGTGCGC_hybrid,0.7667743,64
TGAGTCGCACAGGCAC_hybrid,0.92689824,66
TGAGTCTGTTAGGTAG_hybrid,0.57497907,2
TGAGTCTGTTGGTTCG_hybrid,0.6665132,10
TGAGTCTGTTTAAGCC_hybrid,0.70472836,45
TGAGTGAGTAGTGCGG_hybrid,0.6658178,10
TGAGTGAGTTGACGCC_hybrid,0.7018125,35
TGAGTTACAAGGTGAA_hybrid,0.6773687,15
TGAGTTACATTAGTGA_hybrid,0.6991358,29
TGAGTTGTCCGCAAGT_hybrid,0.70365924,41
TGATAGAAGCCGCATG_hybrid,0.66728795,11
TGATAGCCAATACGAC_hybrid,0.68578476,18
TGATAGCCAATCGAGT_hybrid,0.69278175,21
TGATAGCCAATGAAGG_hybrid,0.6453258,4
TGATAGCCACATTGGG_hybrid,0.8849227,65
TGATAGCCAGTTGGAT_hybrid,0.7071916,53
TGATCATAGAACCTCA_hybrid,0.69416606,22
TGATCCGGTCTTGCAG_hybrid,0.7072357,53
TGATGAAAGCGATGAG_hybrid,0.66396785,8
TGATGAAAGCTGGGAA_hybrid,0.70305467,39
TGATGAAAGGGCTTCG_hybrid,0.69429255,22
TGATGAGGTCTAAGCT_hybrid,0.7057577,48
TGATGAGGTGGAGACT_hybrid,0.69121003,20
TGATGCCAGGAACCCT_hybrid,0.67359954,14
TGATGGCTCGTGCTCC_hybrid,0.69719887,26
TGATGGCTCTAAGTGT_hybrid,0.67693794,15
TGATGTTAGCGCTGTG_hybrid,0.70932215,58
TGATTAGCATAATCCT_hybrid,0.6563345,5
TGATTGGTCAATGGTT_hybrid,0.6412189,4
TGATTTCCAACCTTCA_hybrid,0.55702055,2
TGATTTCCAATCGCTC_hybrid,0.70544255,47
TGATTTCCACCATCGT_hybrid,0.6557158,5
TGATTTGGTAGCGGTG_hybrid,0.7026481,38
TGCAAATTCCAATTCC_hybrid,0.68258935,17
TGCACACAGGCATCGT_hybrid,0.70258355,37
TGCACAGCAACTTCCA_hybrid,0.69601905,24
TGCACCCTCATGCCGG_hybrid,0.71685904,63
TGCACGTAGGGTTGAG_hybrid,0.6961732,24
TGCACTAAGTACCATG_hybrid,0.67159724,13
TGCACTAAGTTGCTGA_hybrid,0.669623,12
TGCAGTCAGTTACGGC_hybrid,0.6698275,12
TGCATATAGCTTAGTG_hybrid,0.7019701,36
TGCATCAAGGCGCATT_hybrid,0.7063255,50
TGCATCAAGGTGAGAT_hybrid,0.571334,2
TGCATCCCAAGCACAT_hybrid,0.69749635,26
TGCATTAGTTAGGCCC_hybrid,0.6935556,22
TGCATTAGTTGCTTGG_hybrid,0.66202414,7
TGCATTGAGGTCGAGA_hybrid,0.68862337,19
TGCATTTCAACCCGTT_hybrid,0.7020769,36
TGCATTTCAAGGTACT_hybrid,0.680711,16
TGCCAGACAATACTAG_hybrid,0.7085778,56
TGCCAGACAATAGCCG_hybrid,0.69089377,20
TGCCAGACAATCGCCT_hybrid,0.6939899,22
TGCCAGGTCCTGTCGC_hybrid,0.7087658,57
TGCCATAAGCGAGTGA_hybrid,0.6869518,19
TGCCATAAGTGCCCAG_hybrid,0.71106267,60
TGCCATCCAGGTTCGA_hybrid,0.68525827,18
TGCCATGGTTTCGGTG_hybrid,0.6918406,20
TGCCATTTCATGCTAG_hybrid,0.6844905,18
TGCCATTTCGAATCAT_hybrid,0.70615155,49
TGCCCAAGTTACACAC_hybrid,0.70460546,44
TGCCCAAGTTGACGGG_hybrid,0.70249486,37
TGCCCGAAGCCCGTAG_hybrid,0.7108165,60
TGCCCGAAGCCGCACA_hybrid,0.6997319,30
TGCCCGAAGGTGAGTG_hybrid,0.66554546,10
TGCCCGAAGTTGGTCA_hybrid,0.70404536,42
TGCCCGTTCAGTATCG_hybrid,0.69794995,27
TGCCCTTGTGAAGTTG_hybrid,0.7037822,41
TGCCCTTGTGAGTAAT_hybrid,0.65987706,6
TGCCGAACAAATGCAC_hybrid,0.6936505,22
TGCCGAACATCGCTGT_hybrid,0.8848968,65
TGCCGATAGCTTCCAT_hybrid,0.7089229,57
TGCCGATAGTCGCTGG_hybrid,0.6931997,21
TGCCGCTTCACCACGG_hybrid,0.71023697,59
TGCCGTAGTCATCGTG_hybrid,0.70568866,48
TGCCGTAGTTGGTTCG_hybrid,0.70565015,48
TGCCGTTCATTGGCAG_hybrid,0.7118624,61
TGCCTAAAGAAGGTAC_hybrid,0.63572544,3
TGCCTAAAGGATTAGA_hybrid,0.6760829,14
TGCCTAGGTCATGCCA_hybrid,0.70652175,50
TGCCTAGGTGATGAAT_hybrid,0.7070855,52
TGCCTATTCCAATGTG_hybrid,0.70522547,46
TGCCTATTCGCATACA_hybrid,0.7069568,52
TGCCTCGCATGGTACG_hybrid,0.66772085,11
TGCCTGCTCATGCCGG_hybrid,0.82754725,64
TGCCTGCTCGAATCTG_hybrid,0.69644874,25
TGCCTTTAGATTGCTG_hybrid,0.6996728,30
TGCGACTAGCCGCAAT_hybrid,0.70811194,55
TGCGAGGGTTCCTGTC_hybrid,0.66491324,9
TGCGATGCACTAGTCC_hybrid,0.70899343,57
TGCGATTGTCAACTAC_hybrid,0.71073896,60
TGCGGGTCAGCACGAC_hybrid,0.69046515,20
TGCGGTTAGGATTGGG_hybrid,0.69609195,24
TGCGGTTAGTGCGGAA_hybrid,0.6928705,21
TGCGTAATCTATGAAC_hybrid,0.7058346,48
TGCGTATGTCTGGGTC_hybrid,0.7049374,45
TGCTAACGTAGCAGTA_hybrid,0.7018967,35
TGCTAACGTAGCCAGG_hybrid,0.690789,20
TGCTAACGTTTAGCCG_hybrid,0.7028423,38
TGCTAAGTCATGGCTA_hybrid,0.7085378,56
TGCTAAGTCCATAGTG_hybrid,0.6728649,13
TGCTACAAGCGCTATA_hybrid,0.7018053,35
TGCTACCCAACCTGAG_hybrid,0.7109576,60
TGCTACTTCATCTAGG_hybrid,0.651689,5
TGCTACTTCCATCGTT_hybrid,0.67545784,14
TGCTATAGTAATGTGG_hybrid,0.71118563,60
TGCTATGAGGCACGAA_hybrid,0.731963,64
TGCTCAAAGTAGCGTC_hybrid,0.6955415,24
TGCTCACCAAGCGTTG_hybrid,0.028506964,0
TGCTCACCAATAGTTG_hybrid,0.7047846,45
TGCTCCATCTAATGCG_hybrid,0.70507467,46
TGCTCGCTCCTCTATA_hybrid,0.6714677,13
TGCTGATGTTAACGCT_hybrid,0.7045177,44
TGCTGCCTCCTGCATT_hybrid,0.7052844,46
TGCTGCCTCGTGCGAT_hybrid,0.7040612,42
TGCTGCCTCGTTCACT_hybrid,0.93533564,66
TGCTGGACACCTTGAC_hybrid,0.7119867,61
TGCTGGACACCTTGGT_hybrid,0.7093723,58
TGCTGTCCAGTTGGTG_hybrid,0.7057072,48
TGCTGTCCATAGATGC_hybrid,0.7070781,52
TGCTTAAGTAAGCGCG_hybrid,0.6914813,20
TGCTTAGAGCGATGCT_hybrid,0.7011288,33
TGCTTAGAGGGTCTAC_hybrid,0.6526588,5
TGCTTCACAAAGGTGA_hybrid,0.7029582,39
TGCTTCACATGCGTTC_hybrid,0.7083808,56
TGGAACCTCACGCATA_hybrid,0.7047155,44
TGGAACCTCCGGATGT_hybrid,0.69876176,28
TGGAACCTCCTGTGAA_hybrid,0.70797,55
TGGAATGGTAAGTACG_hybrid,0.707164,52
TGGAATGGTTCGAATC_hybrid,0.6699957,12
TGGACAAGTTCGCTGA_hybrid,0.708009,55
TGGACATCAAGCACAT_hybrid,0.7000413,31
TGGACATCAAGCGATT_hybrid,0.70171374,35
TGGACATCATGAGCAT_hybrid,0.70448965,44
TGGACGAAGCCCTGCT_hybrid,0.6683288,11
TGGACGAAGTCAGGCT_hybrid,0.70052195,32
TGGACGTTCGACCATA_hybrid,0.7071703,52
TGGACTCAGGGTAGTG_hybrid,0.6709928,13
TGGAGCAAGGATATGA_hybrid,0.7038231,42
TGGAGCGGTATAGCTC_hybrid,0.61443126,3
TGGAGGATCAGTTACG_hybrid,0.70341015,40
TGGAGTAGTATTGCGT_hybrid,0.68370396,17
TGGAGTAGTTGTCATA_hybrid,0.701432,34
TGGAGTGAGCGCATCG_hybrid,0.66238403,7
TGGATGCTCGACTGGT_hybrid,0.7109471,60
TGGATTGTCGATTAAC_hybrid,0.7034006,40
TGGCATATCCTGATCT_hybrid,0.6975251,26
TGGCATATCGAAGCTC_hybrid,0.7111131,60
TGGCATGCAAGTGGAA_hybrid,0.7089081,57
TGGCATTGTAGTTGCT_hybrid,0.70031255,31
TGGCATTGTATGGTTC_hybrid,0.70180565,35
TGGCCATAGTTGGTCA_hybrid,0.65647227,5
TGGCCTGAGCCACAGT_hybrid,0.5921951,2
TGGCGAGGTAGCGCAG_hybrid,0.91568494,66
TGGCGGTCATGGTCGA_hybrid,0.6963179,24
TGGCTAATCGACATTG_hybrid,0.7026171,38
TGGCTAATCGCATCGG_hybrid,0.9219522,66
TGGCTATGTCTGGTCA_hybrid,0.6668543,11
TGGCTATGTTTAATCG_hybrid,0.70626646,50
TGGCTCAGTTGCTTGG_hybrid,0.6442006,4
TGGCTGACAGTTGCTC_hybrid,0.88645303,65
TGGCTGACATGCGCTT_hybrid,0.6775436,15
TGGCTTGGTGGACATA_hybrid,0.7001722,31
TGGGAACGTGCAATGA_hybrid,0.68818736,19
TGGGAACGTTAATGGG_hybrid,0.6668287,10
TGGGACAAGCCCGTAG_hybrid,0.70647407,50
TGGGATAGTTCGCACA_hybrid,0.702362,37
TGGGGCAGTCAGGACG_hybrid,0.692433,21
TGGGGCAGTCTAACCG_hybrid,0.70284516,38
TGGGGCTCAACGGCAC_hybrid,0.7023644,37
TGGGGCTCAATACATG_hybrid,0.6712533,13
TGGGTCCGTAGTAACG_hybrid,0.697591,26
TGGGTGAAGCCAGTGT_hybrid,0.7029844,39
TGGGTTATCGATCAAT_hybrid,0.7010533,33
TGGTACGCAACTAATG_hybrid,0.70625955,50
TGGTACGCACTTGCAC_hybrid,0.7055272,47
TGGTAGGAGCATGCAC_hybrid,0.70181906,35
TGGTAGGAGCGCTGCA_hybrid,0.6962979,24
TGGTAGGAGGCGATAG_hybrid,0.6988986,28
TGGTAGTCATCGCTCG_hybrid,0.6788266,16
TGGTATTAGGTCCAAC_hybrid,0.6962357,24
TGGTCAATCCTGTATC_hybrid,0.6996784,30
TGGTCACAGGTTAGCC_hybrid,0.6707542,12
TGGTCACAGTTACGGC_hybrid,0.7064533,50
TGGTCCTCAGGGACAG_hybrid,0.7010733,33
TGGTCCTCATGGAGCC_hybrid,0.7015225,34
TGGTCTAAGCATTGAT_hybrid,0.6845312,18
TGGTGAGAGGATGGAT_hybrid,0.6943817,22
TGGTGTTGTAACTCGT_hybrid,0.708944,57
TGGTGTTGTTCCGTAG_hybrid,0.70048225,32
TGGTTAACAATCAGTA_hybrid,0.70480907,45
TGGTTAACAGCTACTC_hybrid,0.7076999,54
TGGTTAACATCGTTCA_hybrid,0.6758458,14
TGGTTAACATTAGATG_hybrid,0.7019997,36
TGGTTACGTTGTAGGA_hybrid,0.6656733,10
TGGTTACGTTTAGCAC_hybrid,0.69196737,21
TGGTTAGTCAATTCCC_hybrid,0.703219,39
TGGTTAGTCGAAGTCC_hybrid,0.7063934,50
TGGTTCCCAACTGCCT_hybrid,0.68439925,18
TGGTTCCCAAGCTGTG_hybrid,0.70670277,51
TGGTTCCCACAATCGG_hybrid,0.7086177,56
TGGTTTGAGATTCGGC_hybrid,0.65306634,5
TGGTTTGAGCGAGAGC_hybrid,0.6987067,28
TGGTTTGAGCGCCACA_hybrid,0.7145506,63
TGGTTTGAGCGCTTAA_hybrid,0.70431703,43
TGGTTTGAGCTAGGTC_hybrid,0.6733612,13
TGGTTTGAGGTGGAAT_hybrid,0.70258665,37
TGTAACCGTTCGGTAT_hybrid,0.70518416,46
TGTAACTAGAATCATC_hybrid,0.6729662,13
TGTAAGGGTCCATATA_hybrid,0.66318524,8
TGTAAGGGTTCCGTGA_hybrid,0.682186,17
TGTAATGCATTGACGG_hybrid,0.7091772,57
TGTACCGGTTGCTCTC_hybrid,0.70783454,54
TGTACGATCAGCGACT_hybrid,0.70403403,42
TGTACTGAGCGCCATG_hybrid,0.7077707,54
TGTAGAGGTAACGTAG_hybrid,0.69794,27
TGTAGAGGTGAGTTGA_hybrid,0.6647063,9
TGTAGCATCCGGTAAC_hybrid,0.6970885,26
TGTAGCCAGGAGCCTT_hybrid,0.7092739,58
TGTAGCGCACCTAACC_hybrid,0.70429176,43
TGTAGGTCAAGCATTA_hybrid,0.6867023,18
TGTATCAGTAAGTAAC_hybrid,0.6027289,2
TGTATCAGTAGTAGAT_hybrid,0.6971725,26
TGTATCAGTGCACGAG_hybrid,0.90455014,65
TGTATCAGTGCAGGAT_hybrid,0.7015456,34
TGTATCAGTTTCGCCT_hybrid,0.7078391,54
TGTATCTCACATGCGA_hybrid,0.7075081,54
TGTATGACAAGCCGGT_hybrid,0.67833936,15
TGTATGACATAGAGGA_hybrid,0.66859174,12
TGTATTCCACCAGCTT_hybrid,0.70574236,48
TGTATTGGTAGTAGGC_hybrid,0.7010626,33
TGTATTGGTGGACCGA_hybrid,0.70214075,36
TGTATTGGTTGGCGTC_hybrid,0.6957886,24
TGTCACCCAAATCCTT_hybrid,0.71003,59
TGTCAGGCACAATCGG_hybrid,0.6723697,13
TGTCATGAGGTTACTG_hybrid,0.7014947,34
TGTCCAAAGCGATCAC_hybrid,0.68473077,18
TGTCCAAAGGGGTAGC_hybrid,0.6944545,22
TGTCCACCAAAGGTGA_hybrid,0.69568926,24
TGTCCACCAACGGGTC_hybrid,0.69937044,29
TGTCCACCAAGCTCAG_hybrid,0.70518464,46
TGTCCAGGTGCGTGCT_hybrid,0.6599658,6
TGTCCCGCACCTACTA_hybrid,0.65770596,6
TGTCCGCTCGTAGTCA_hybrid,0.687231,19
TGTCCGGAGTAGTCAT_hybrid,0.9695707,66
TGTCCGGAGTTAGCGC_hybrid,0.70572615,48
TGTCGCCTCCACGGCA_hybrid,0.70347506,40
TGTCGCCTCTGGCATA_hybrid,0.8575003,64
TGTCGTCCAATGCCAG_hybrid,0.6374059,3
TGTCGTCCATGAGTGT_hybrid,0.7002586,31
TGTCGTTTCCGGGCTA_hybrid,0.67069465,12
TGTCTAAGTAACCACT_hybrid,0.699856,30
TGTCTAAGTATGTCAC_hybrid,0.70090353,33
TGTCTAAGTTGGGCAG_hybrid,0.61539155,3
TGTCTCACACTTGGAG_hybrid,0.70168805,35
TGTCTCACAGGGCTTA_hybrid,0.68725735,19
TGTCTGTTCACGGAGA_hybrid,0.6764127,14
TGTCTTGCAATTACGA_hybrid,0.70368516,41
TGTCTTGCAGGTTACG_hybrid,0.70658976,50
TGTGAACCATGAGCCA_hybrid,0.70100385,33
TGTGAAGGTCATGGTT_hybrid,0.70901597,57
TGTGAAGGTCATTGGT_hybrid,0.6963418,25
TGTGAAGGTGCATCAT_hybrid,0.93570524,66
TGTGAAGGTGGCAGTG_hybrid,0.69957453,30
TGTGCATGTTAGCTGT_hybrid,0.6824714,17
TGTGCATGTTAGTGAG_hybrid,0.7050842,46
TGTGCATGTTTGGGTT_hybrid,0.7058692,48
TGTGCCCTCCACCGTC_hybrid,0.707005,52
TGTGCCCTCCTCATGT_hybrid,0.7126422,62
TGTGCCCTCTGGTCAA_hybrid,0.5568272,2
TGTGCCTCAATCAAGC_hybrid,0.656371,5
TGTGCTGGTAAGGTCA_hybrid,0.69577974,24
TGTGCTGGTAGGTTGA_hybrid,0.712687,62
TGTGGTCAGGTGATGG_hybrid,0.6596027,6
TGTGGTCAGTAGCGTC_hybrid,0.6979459,27
TGTGGTTGTGAGTAGC_hybrid,0.708347,56
TGTGTACGTGATTCGT_hybrid,0.70128334,34
TGTGTACGTTATCATG_hybrid,0.69237125,21
TGTGTACGTTCCTGAG_hybrid,0.70684415,51
